date,store,day_of_week,sales,customers,open,promo,state_holiday,school_holiday
2013-01-01,1,2,10176.0,1072.0,1,1,0,0
2013-01-02,1,3,9312.0,964.0,1,1,0,0
2013-01-03,1,4,8760.0,925.0,1,1,0,0
2013-01-04,1,5,10801.0,1125.0,1,1,0,0
2013-01-05,1,6,9469.0,999.0,1,0,0,0
2013-01-06,1,7,0.0,0.0,0,0,0,0
2013-01-07,1,1,15094.0,1586.0,1,1,0,0
2013-01-08,1,2,8365.0,880.0,1,0,0,0
2013-01-09,1,3,7436.0,778.0,1,0,0,0
2013-01-10,1,4,7596.0,795.0,1,0,0,0
2013-01-11,1,5,9580.0,995.0,1,0,0,0
2013-01-12,1,6,11054.0,1163.0,1,0,0,0
2013-01-13,1,7,0.0,0.0,0,0,0,0
2013-01-14,1,1,11435.0,1220.0,1,0,0,0
2013-01-15,1,2,11113.0,1180.0,1,1,0,0
2013-01-16,1,3,9380.0,993.0,1,1,0,0
2013-01-17,1,4,9115.0,954.0,1,1,0,0
2013-01-18,1,5,10197.0,1085.0,1,1,0,0
2013-01-19,1,6,8970.0,944.0,1,0,0,0
2013-01-20,1,7,0.0,0.0,0,0,0,0
2013-01-21,1,1,12477.0,1311.0,1,1,0,0
2013-01-22,1,2,6992.0,737.0,1,0,0,0
2013-01-23,1,3,7016.0,735.0,1,0,0,0
2013-01-24,1,4,7226.0,760.0,1,0,0,0
2013-01-25,1,5,9041.0,943.0,1,0,0,0
2013-01-26,1,6,9037.0,948.0,1,0,0,0
2013-01-27,1,7,0.0,0.0,0,0,0,0
2013-01-28,1,1,10683.0,1124.0,1,0,0,0
2013-01-29,1,2,10349.0,1087.0,1,1,0,0
2013-01-30,1,3,8837.0,934.0,1,1,0,0
2013-01-31,1,4,8799.0,932.0,1,1,0,0
2013-02-01,1,5,10636.0,1111.0,1,1,0,0
2013-02-02,1,6,9620.0,1011.0,1,0,0,0
2013-02-03,1,7,0.0,0.0,0,0,0,0
2013-02-04,1,1,14368.0,1515.0,1,1,0,0
2013-02-05,1,2,8427.0,888.0,1,0,0,0
2013-02-06,1,3,8285.0,885.0,1,0,0,0
2013-02-07,1,4,7813.0,817.0,1,0,0,0
2013-02-08,1,5,9655.0,1017.0,1,0,0,0
2013-02-09,1,6,11283.0,1184.0,1,0,0,0
2013-02-10,1,7,0.0,0.0,0,0,0,0
2013-02-11,1,1,11475.0,1192.0,1,0,0,0
2013-02-12,1,2,10913.0,1143.0,1,1,0,0
2013-02-13,1,3,10979.0,1151.0,1,1,0,0
2013-02-14,1,4,9697.0,1026.0,1,1,0,0
2013-02-15,1,5,12807.0,1353.0,1,1,0,0
2013-02-16,1,6,11669.0,1239.0,1,0,0,0
2013-02-17,1,7,0.0,0.0,0,0,0,0
2013-02-18,1,1,17374.0,1835.0,1,1,0,0
2013-02-19,1,2,10098.0,1061.0,1,0,0,0
2013-02-20,1,3,8420.0,881.0,1,0,0,0
2013-02-21,1,4,8253.0,873.0,1,0,0,0
2013-02-22,1,5,10485.0,1096.0,1,0,0,0
2013-02-23,1,6,11817.0,1227.0,1,0,0,0
2013-02-24,1,7,0.0,0.0,0,0,0,0
2013-02-25,1,1,12999.0,1356.0,1,0,0,0
2013-02-26,1,2,12352.0,1295.0,1,1,0,0
2013-02-27,1,3,12019.0,1268.0,1,1,0,0
2013-02-28,1,4,10963.0,1156.0,1,1,0,0
2013-03-01,1,5,13488.0,1432.0,1,1,0,0
2013-03-02,1,6,11766.0,1237.0,1,0,0,0
2013-03-03,1,7,0.0,0.0,0,0,0,0
2013-03-04,1,1,15142.0,1588.0,1,1,0,0
2013-03-05,1,2,8540.0,892.0,1,0,0,0
2013-03-06,1,3,7931.0,825.0,1,0,0,0
2013-03-07,1,4,8341.0,881.0,1,0,0,0
2013-03-08,1,5,10937.0,1146.0,1,0,0,0
2013-03-09,1,6,11460.0,1190.0,1,0,0,0
2013-03-10,1,7,0.0,0.0,0,0,0,0
2013-03-11,1,1,12656.0,1331.0,1,0,0,0
2013-03-12,1,2,10383.0,1096.0,1,1,0,0
2013-03-13,1,3,9625.0,1014.0,1,1,0,0
2013-03-14,1,4,9702.0,1026.0,1,1,0,0
2013-03-15,1,5,13225.0,1392.0,1,1,0,0
2013-03-16,1,6,12408.0,1316.0,1,0,0,0
2013-03-17,1,7,0.0,0.0,0,0,0,0
2013-03-18,1,1,16104.0,1698.0,1,1,0,0
2013-03-19,1,2,9121.0,963.0,1,0,0,0
2013-03-20,1,3,9163.0,953.0,1,0,0,0
2013-03-21,1,4,8573.0,901.0,1,0,0,0
2013-03-22,1,5,10312.0,1083.0,1,0,0,0
2013-03-23,1,6,12108.0,1276.0,1,0,0,0
2013-03-24,1,7,0.0,0.0,0,0,0,0
2013-03-25,1,1,12766.0,1357.0,1,0,0,0
2013-03-26,1,2,11060.0,1165.0,1,1,0,0
2013-03-27,1,3,10355.0,1080.0,1,1,0,0
2013-03-28,1,4,10005.0,1039.0,1,1,0,0
2013-03-29,1,5,13439.0,1412.0,1,1,0,0
2013-03-30,1,6,12534.0,1319.0,1,0,0,0
2013-03-31,1,7,0.0,0.0,0,0,0,0
2013-04-01,1,1,17375.0,1830.0,1,1,0,0
2013-04-02,1,2,9588.0,1004.0,1,0,0,0
2013-04-03,1,3,9239.0,977.0,1,0,0,0
2013-04-04,1,4,8830.0,924.0,1,0,0,0
2013-04-05,1,5,11059.0,1164.0,1,0,0,0
2013-04-06,1,6,11597.0,1229.0,1,0,0,0
2013-04-07,1,7,0.0,0.0,0,0,0,0
2013-04-08,1,1,11638.0,1217.0,1,0,0,0
2013-04-09,1,2,9703.0,1018.0,1,1,0,0
2013-04-10,1,3,9298.0,972.0,1,1,0,0
2013-04-11,1,4,9000.0,954.0,1,1,0,0
2013-04-12,1,5,11813.0,1234.0,1,1,0,0
2013-04-13,1,6,12571.0,1319.0,1,0,0,0
2013-04-14,1,7,0.0,0.0,0,0,0,0
2013-04-15,1,1,15641.0,1639.0,1,1,0,0
2013-04-16,1,2,9174.0,958.0,1,0,0,0
2013-04-17,1,3,8687.0,911.0,1,0,0,0
2013-04-18,1,4,8359.0,863.0,1,0,0,0
2013-04-19,1,5,10171.0,1059.0,1,0,0,0
2013-04-20,1,6,12211.0,1282.0,1,0,0,0
2013-04-21,1,7,0.0,0.0,0,0,0,0
2013-04-22,1,1,12494.0,1314.0,1,0,0,0
2013-04-23,1,2,11558.0,1202.0,1,1,0,0
2013-04-24,1,3,10675.0,1120.0,1,1,0,0
2013-04-25,1,4,9827.0,1041.0,1,1,0,0
2013-04-26,1,5,12565.0,1327.0,1,1,0,0
2013-04-27,1,6,10919.0,1149.0,1,0,0,0
2013-04-28,1,7,0.0,0.0,0,0,0,0
2013-04-29,1,1,16380.0,1729.0,1,1,0,0
2013-04-30,1,2,9379.0,983.0,1,0,0,0
2013-05-01,1,3,8266.0,861.0,1,0,0,0
2013-05-02,1,4,8072.0,843.0,1,0,0,0
2013-05-03,1,5,8849.0,943.0,1,0,0,0
2013-05-04,1,6,9875.0,1041.0,1,0,0,0
2013-05-05,1,7,0.0,0.0,0,0,0,0
2013-05-06,1,1,10314.0,1082.0,1,0,0,0
2013-05-07,1,2,10722.0,1136.0,1,1,0,0
2013-05-08,1,3,9009.0,944.0,1,1,0,0
2013-05-09,1,4,9732.0,1023.0,1,1,0,0
2013-05-10,1,5,11616.0,1243.0,1,1,0,0
2013-05-11,1,6,11360.0,1202.0,1,0,0,0
2013-05-12,1,7,0.0,0.0,0,0,0,0
2013-05-13,1,1,14434.0,1519.0,1,1,0,0
2013-05-14,1,2,9159.0,967.0,1,0,0,0
2013-05-15,1,3,9057.0,963.0,1,0,0,0
2013-05-16,1,4,8597.0,901.0,1,0,0,0
2013-05-17,1,5,10255.0,1066.0,1,0,0,0
2013-05-18,1,6,11599.0,1219.0,1,0,0,0
2013-05-19,1,7,0.0,0.0,0,0,0,0
2013-05-20,1,1,12761.0,1344.0,1,0,0,0
2013-05-21,1,2,11320.0,1202.0,1,1,0,0
2013-05-22,1,3,10368.0,1094.0,1,1,0,0
2013-05-23,1,4,9688.0,1026.0,1,1,0,0
2013-05-24,1,5,11673.0,1220.0,1,1,0,0
2013-05-25,1,6,9981.0,1058.0,1,0,0,0
2013-05-26,1,7,0.0,0.0,0,0,0,0
2013-05-27,1,1,15307.0,1617.0,1,1,0,0
2013-05-28,1,2,9296.0,981.0,1,0,0,0
2013-05-29,1,3,8412.0,887.0,1,0,0,0
2013-05-30,1,4,7820.0,837.0,1,0,0,0
2013-05-31,1,5,9495.0,992.0,1,0,0,0
2013-06-01,1,6,10657.0,1121.0,1,0,0,0
2013-06-02,1,7,0.0,0.0,0,0,0,0
2013-06-03,1,1,11571.0,1224.0,1,0,0,0
2013-06-04,1,2,10638.0,1116.0,1,1,0,0
2013-06-05,1,3,9082.0,958.0,1,1,0,0
2013-06-06,1,4,8742.0,918.0,1,1,0,0
2013-06-07,1,5,12384.0,1305.0,1,1,0,0
2013-06-08,1,6,10755.0,1131.0,1,0,0,0
2013-06-09,1,7,0.0,0.0,0,0,0,0
2013-06-10,1,1,14640.0,1541.0,1,1,0,0
2013-06-11,1,2,9172.0,972.0,1,0,0,0
2013-06-12,1,3,7604.0,793.0,1,0,0,0
2013-06-13,1,4,7432.0,780.0,1,0,0,0
2013-06-14,1,5,8925.0,945.0,1,0,0,0
2013-06-15,1,6,9368.0,978.0,1,0,0,0
2013-06-16,1,7,0.0,0.0,0,0,0,0
2013-06-17,1,1,11320.0,1183.0,1,0,0,0
2013-06-18,1,2,10625.0,1127.0,1,1,0,0
2013-06-19,1,3,9372.0,1005.0,1,1,0,0
2013-06-20,1,4,9575.0,1024.0,1,1,0,0
2013-06-21,1,5,11471.0,1206.0,1,1,0,0
2013-06-22,1,6,10426.0,1103.0,1,0,0,0
2013-06-23,1,7,0.0,0.0,0,0,0,0
2013-06-24,1,1,12870.0,1356.0,1,1,0,0
2013-06-25,1,2,8340.0,890.0,1,0,0,0
2013-06-26,1,3,7443.0,773.0,1,0,0,0
2013-06-27,1,4,7477.0,795.0,1,0,0,0
2013-06-28,1,5,9212.0,969.0,1,0,0,0
2013-06-29,1,6,10343.0,1100.0,1,0,0,0
2013-06-30,1,7,0.0,0.0,0,0,0,0
2013-07-01,1,1,11516.0,1207.0,1,0,0,1
2013-07-02,1,2,10432.0,1100.0,1,1,0,1
2013-07-03,1,3,9509.0,1007.0,1,1,0,1
2013-07-04,1,4,9345.0,984.0,1,1,0,1
2013-07-05,1,5,12324.0,1301.0,1,1,0,1
2013-07-06,1,6,11372.0,1193.0,1,0,0,1
2013-07-07,1,7,0.0,0.0,0,0,0,1
2013-07-08,1,1,14734.0,1558.0,1,1,0,1
2013-07-09,1,2,7715.0,818.0,1,0,0,1
2013-07-10,1,3,7610.0,802.0,1,0,0,1
2013-07-11,1,4,7806.0,822.0,1,0,0,1
2013-07-12,1,5,9360.0,994.0,1,0,0,1
2013-07-13,1,6,10962.0,1150.0,1,0,0,1
2013-07-14,1,7,0.0,0.0,0,0,0,1
2013-07-15,1,1,12374.0,1301.0,1,0,0,1
2013-07-16,1,2,11620.0,1233.0,1,1,0,1
2013-07-17,1,3,10025.0,1044.0,1,1,0,1
2013-07-18,1,4,10400.0,1104.0,1,1,0,1
2013-07-19,1,5,11544.0,1210.0,1,1,0,1
2013-07-20,1,6,10882.0,1137.0,1,0,0,1
2013-07-21,1,7,0.0,0.0,0,0,0,1
2013-07-22,1,1,15416.0,1622.0,1,1,0,1
2013-07-23,1,2,9428.0,982.0,1,0,0,1
2013-07-24,1,3,8855.0,929.0,1,0,0,1
2013-07-25,1,4,7721.0,820.0,1,0,0,1
2013-07-26,1,5,8436.0,898.0,1,0,0,1
2013-07-27,1,6,10281.0,1079.0,1,0,0,1
2013-07-28,1,7,0.0,0.0,0,0,0,1
2013-07-29,1,1,10526.0,1114.0,1,0,0,1
2013-07-30,1,2,10281.0,1077.0,1,1,0,1
2013-07-31,1,3,8474.0,895.0,1,1,0,1
2013-08-01,1,4,7391.0,778.0,1,1,0,1
2013-08-02,1,5,9830.0,1030.0,1,1,0,1
2013-08-03,1,6,9236.0,968.0,1,0,0,1
2013-08-04,1,7,0.0,0.0,0,0,0,1
2013-08-05,1,1,13042.0,1373.0,1,1,0,1
2013-08-06,1,2,7172.0,750.0,1,0,0,1
2013-08-07,1,3,6116.0,640.0,1,0,0,1
2013-08-08,1,4,6196.0,661.0,1,0,0,1
2013-08-09,1,5,7428.0,784.0,1,0,0,1
2013-08-10,1,6,7999.0,849.0,1,0,0,1
2013-08-11,1,7,0.0,0.0,0,0,0,1
2013-08-12,1,1,9808.0,1037.0,1,0,0,1
2013-08-13,1,2,9489.0,1017.0,1,1,0,1
2013-08-14,1,3,8255.0,862.0,1,1,0,1
2013-08-15,1,4,7927.0,841.0,1,1,0,1
2013-08-16,1,5,9436.0,991.0,1,1,0,1
2013-08-17,1,6,8398.0,899.0,1,0,0,1
2013-08-18,1,7,0.0,0.0,0,0,0,1
2013-08-19,1,1,11931.0,1240.0,1,1,0,1
2013-08-20,1,2,7212.0,751.0,1,0,0,1
2013-08-21,1,3,6845.0,726.0,1,0,0,1
2013-08-22,1,4,7500.0,796.0,1,0,0,1
2013-08-23,1,5,8305.0,880.0,1,0,0,1
2013-08-24,1,6,10052.0,1058.0,1,0,0,1
2013-08-25,1,7,0.0,0.0,0,0,0,1
2013-08-26,1,1,10558.0,1117.0,1,0,0,1
2013-08-27,1,2,8894.0,936.0,1,1,0,1
2013-08-28,1,3,8097.0,861.0,1,1,0,1
2013-08-29,1,4,8459.0,872.0,1,1,0,1
2013-08-30,1,5,10396.0,1099.0,1,1,0,1
2013-08-31,1,6,9488.0,990.0,1,0,0,1
2013-09-01,1,7,0.0,0.0,0,0,0,0
2013-09-02,1,1,13741.0,1445.0,1,1,0,0
2013-09-03,1,2,7733.0,807.0,1,0,0,0
2013-09-04,1,3,6149.0,650.0,1,0,0,0
2013-09-05,1,4,5941.0,618.0,1,0,0,0
2013-09-06,1,5,6662.0,694.0,1,0,0,0
2013-09-07,1,6,6442.0,666.0,1,0,0,0
2013-09-08,1,7,0.0,0.0,0,0,0,0
2013-09-09,1,1,9176.0,970.0,1,0,0,0
2013-09-10,1,2,8778.0,932.0,1,1,0,0
2013-09-11,1,3,7638.0,803.0,1,1,0,0
2013-09-12,1,4,7296.0,776.0,1,1,0,0
2013-09-13,1,5,10073.0,1060.0,1,1,0,0
2013-09-14,1,6,9289.0,977.0,1,0,0,0
2013-09-15,1,7,0.0,0.0,0,0,0,0
2013-09-16,1,1,12807.0,1357.0,1,1,0,0
2013-09-17,1,2,7361.0,772.0,1,0,0,0
2013-09-18,1,3,7060.0,741.0,1,0,0,0
2013-09-19,1,4,7016.0,737.0,1,0,0,0
2013-09-20,1,5,8591.0,905.0,1,0,0,0
2013-09-21,1,6,9168.0,958.0,1,0,0,0
2013-09-22,1,7,0.0,0.0,0,0,0,0
2013-09-23,1,1,9828.0,1031.0,1,0,0,0
2013-09-24,1,2,9739.0,1029.0,1,1,0,0
2013-09-25,1,3,8194.0,856.0,1,1,0,0
2013-09-26,1,4,8047.0,850.0,1,1,0,0
2013-09-27,1,5,10029.0,1059.0,1,1,0,0
2013-09-28,1,6,8456.0,887.0,1,0,0,0
2013-09-29,1,7,0.0,0.0,0,0,0,0
2013-09-30,1,1,14189.0,1497.0,1,1,0,0
2013-10-01,1,2,7697.0,824.0,1,0,0,0
2013-10-02,1,3,7256.0,771.0,1,0,0,0
2013-10-03,1,4,7081.0,740.0,1,0,0,0
2013-10-04,1,5,7332.0,769.0,1,0,0,0
2013-10-05,1,6,8843.0,934.0,1,0,0,0
2013-10-06,1,7,0.0,0.0,0,0,0,0
2013-10-07,1,1,9867.0,1039.0,1,0,0,0
2013-10-08,1,2,8608.0,904.0,1,1,0,0
2013-10-09,1,3,7961.0,824.0,1,1,0,0
2013-10-10,1,4,7873.0,827.0,1,1,0,0
2013-10-11,1,5,10591.0,1097.0,1,1,0,0
2013-10-12,1,6,9707.0,1025.0,1,0,0,0
2013-10-13,1,7,0.0,0.0,0,0,0,0
2013-10-14,1,1,14224.0,1492.0,1,1,0,0
2013-10-15,1,2,7682.0,807.0,1,0,0,0
2013-10-16,1,3,6810.0,719.0,1,0,0,0
2013-10-17,1,4,5959.0,616.0,1,0,0,0
2013-10-18,1,5,8321.0,862.0,1,0,0,0
2013-10-19,1,6,10043.0,1049.0,1,0,0,0
2013-10-20,1,7,0.0,0.0,0,0,0,0
2013-10-21,1,1,11283.0,1180.0,1,0,0,0
2013-10-22,1,2,10181.0,1084.0,1,1,0,0
2013-10-23,1,3,9233.0,963.0,1,1,0,0
2013-10-24,1,4,8732.0,924.0,1,1,0,0
2013-10-25,1,5,10542.0,1099.0,1,1,0,0
2013-10-26,1,6,9556.0,1008.0,1,0,0,0
2013-10-27,1,7,0.0,0.0,0,0,0,0
2013-10-28,1,1,14276.0,1502.0,1,1,0,0
2013-10-29,1,2,7940.0,840.0,1,0,0,0
2013-10-30,1,3,6925.0,743.0,1,0,0,0
2013-10-31,1,4,6507.0,687.0,1,0,0,0
2013-11-01,1,5,8854.0,933.0,1,0,0,0
2013-11-02,1,6,10271.0,1073.0,1,0,0,0
2013-11-03,1,7,0.0,0.0,0,0,0,0
2013-11-04,1,1,10544.0,1108.0,1,0,0,0
2013-11-05,1,2,9084.0,963.0,1,1,0,0
2013-11-06,1,3,8430.0,887.0,1,1,0,0
2013-11-07,1,4,8774.0,938.0,1,1,0,0
2013-11-08,1,5,10516.0,1091.0,1,1,0,0
2013-11-09,1,6,9436.0,991.0,1,0,0,0
2013-11-10,1,7,0.0,0.0,0,0,0,0
2013-11-11,1,1,13083.0,1374.0,1,1,0,0
2013-11-12,1,2,6838.0,713.0,1,0,0,0
2013-11-13,1,3,6390.0,671.0,1,0,0,0
2013-11-14,1,4,6090.0,630.0,1,0,0,0
2013-11-15,1,5,8212.0,865.0,1,0,0,0
2013-11-16,1,6,9109.0,978.0,1,0,0,0
2013-11-17,1,7,0.0,0.0,0,0,0,0
2013-11-18,1,1,11374.0,1188.0,1,0,0,0
2013-11-19,1,2,10114.0,1058.0,1,1,0,0
2013-11-20,1,3,8876.0,931.0,1,1,0,0
2013-11-21,1,4,8805.0,935.0,1,1,0,0
2013-11-22,1,5,10851.0,1136.0,1,1,0,0
2013-11-23,1,6,9283.0,972.0,1,0,0,0
2013-11-24,1,7,0.0,0.0,0,0,0,0
2013-11-25,1,1,14981.0,1584.0,1,1,0,0
2013-11-26,1,2,8231.0,863.0,1,0,0,0
2013-11-27,1,3,7347.0,764.0,1,0,0,0
2013-11-28,1,4,6712.0,694.0,1,0,0,0
2013-11-29,1,5,8545.0,894.0,1,0,0,0
2013-11-30,1,6,9171.0,948.0,1,0,0,0
2013-12-01,1,7,0.0,0.0,0,0,0,0
2013-12-02,1,1,10697.0,1121.0,1,0,0,0
2013-12-03,1,2,9409.0,994.0,1,1,0,0
2013-12-04,1,3,9368.0,1001.0,1,1,0,0
2013-12-05,1,4,9898.0,1051.0,1,1,0,0
2013-12-06,1,5,12049.0,1259.0,1,1,0,0
2013-12-07,1,6,10999.0,1165.0,1,0,0,0
2013-12-08,1,7,0.0,0.0,0,0,0,0
2013-12-09,1,1,15452.0,1621.0,1,1,0,0
2013-12-10,1,2,8328.0,869.0,1,0,0,0
2013-12-11,1,3,6986.0,734.0,1,0,0,0
2013-12-12,1,4,6957.0,720.0,1,0,0,0
2013-12-13,1,5,9421.0,1003.0,1,0,0,0
2013-12-14,1,6,11230.0,1163.0,1,0,0,0
2013-12-15,1,7,0.0,0.0,0,0,0,0
2013-12-16,1,1,10678.0,1122.0,1,0,0,0
2013-12-17,1,2,9704.0,1020.0,1,1,0,0
2013-12-18,1,3,9228.0,973.0,1,1,0,0
2013-12-19,1,4,8989.0,948.0,1,1,0,0
2013-12-20,1,5,11336.0,1192.0,1,1,0,1
2013-12-21,1,6,10491.0,1113.0,1,0,0,1
2013-12-22,1,7,0.0,0.0,0,0,0,1
2013-12-23,1,1,14183.0,1493.0,1,1,0,1
2013-12-24,1,2,8256.0,863.0,1,0,0,1
2013-12-25,1,3,0.0,0.0,0,0,a,1
2013-12-26,1,4,7592.0,801.0,1,0,0,1
2013-12-27,1,5,10274.0,1074.0,1,0,0,1
2013-12-28,1,6,11805.0,1238.0,1,0,0,1
2013-12-29,1,7,0.0,0.0,0,0,0,1
2013-12-30,1,1,11036.0,1164.0,1,0,0,1
2013-12-31,1,2,10557.0,1106.0,1,1,0,1
2014-01-01,1,3,8622.0,924.0,1,1,0,0
2014-01-02,1,4,7998.0,860.0,1,1,0,0
2014-01-03,1,5,11013.0,1148.0,1,1,0,0
2014-01-04,1,6,10632.0,1122.0,1,0,0,0
2014-01-05,1,7,0.0,0.0,0,0,0,0
2014-01-06,1,1,13169.0,1392.0,1,1,0,0
2014-01-07,1,2,7645.0,807.0,1,0,0,0
2014-01-08,1,3,6942.0,729.0,1,0,0,0
2014-01-09,1,4,7314.0,766.0,1,0,0,0
2014-01-10,1,5,10349.0,1088.0,1,0,0,0
2014-01-11,1,6,11735.0,1231.0,1,0,0,0
2014-01-12,1,7,0.0,0.0,0,0,0,0
2014-01-13,1,1,11089.0,1164.0,1,0,0,0
2014-01-14,1,2,10412.0,1092.0,1,1,0,0
2014-01-15,1,3,9591.0,1000.0,1,1,0,0
2014-01-16,1,4,8865.0,933.0,1,1,0,0
2014-01-17,1,5,11369.0,1190.0,1,1,0,0
2014-01-18,1,6,9796.0,1030.0,1,0,0,0
2014-01-19,1,7,0.0,0.0,0,0,0,0
2014-01-20,1,1,15930.0,1680.0,1,1,0,0
2014-01-21,1,2,9540.0,1008.0,1,0,0,0
2014-01-22,1,3,8309.0,877.0,1,0,0,0
2014-01-23,1,4,8266.0,871.0,1,0,0,0
2014-01-24,1,5,9964.0,1048.0,1,0,0,0
2014-01-25,1,6,11130.0,1169.0,1,0,0,0
2014-01-26,1,7,0.0,0.0,0,0,0,0
2014-01-27,1,1,11017.0,1151.0,1,0,0,0
2014-01-28,1,2,9565.0,1018.0,1,1,0,0
2014-01-29,1,3,9690.0,1020.0,1,1,0,0
2014-01-30,1,4,9542.0,998.0,1,1,0,0
2014-01-31,1,5,12119.0,1272.0,1,1,0,0
2014-02-01,1,6,11720.0,1228.0,1,0,0,0
2014-02-02,1,7,0.0,0.0,0,0,0,0
2014-02-03,1,1,14059.0,1474.0,1,1,0,0
2014-02-04,1,2,8403.0,894.0,1,0,0,0
2014-02-05,1,3,8034.0,839.0,1,0,0,0
2014-02-06,1,4,7732.0,796.0,1,0,0,0
2014-02-07,1,5,10223.0,1070.0,1,0,0,0
2014-02-08,1,6,11800.0,1226.0,1,0,0,0
2014-02-09,1,7,0.0,0.0,0,0,0,0
2014-02-10,1,1,11317.0,1200.0,1,0,0,0
2014-02-11,1,2,11280.0,1193.0,1,1,0,0
2014-02-12,1,3,10672.0,1113.0,1,1,0,0
2014-02-13,1,4,9277.0,970.0,1,1,0,0
2014-02-14,1,5,12790.0,1361.0,1,1,0,0
2014-02-15,1,6,11966.0,1262.0,1,0,0,0
2014-02-16,1,7,0.0,0.0,0,0,0,0
2014-02-17,1,1,16660.0,1762.0,1,1,0,0
2014-02-18,1,2,9258.0,994.0,1,0,0,0
2014-02-19,1,3,7912.0,843.0,1,0,0,0
2014-02-20,1,4,9049.0,954.0,1,0,0,0
2014-02-21,1,5,10735.0,1133.0,1,0,0,0
2014-02-22,1,6,13191.0,1393.0,1,0,0,0
2014-02-23,1,7,0.0,0.0,0,0,0,0
2014-02-24,1,1,13217.0,1383.0,1,0,0,0
2014-02-25,1,2,10934.0,1151.0,1,1,0,0
2014-02-26,1,3,9992.0,1044.0,1,1,0,0
2014-02-27,1,4,10562.0,1111.0,1,1,0,0
2014-02-28,1,5,12066.0,1271.0,1,1,0,0
2014-03-01,1,6,11884.0,1270.0,1,0,0,0
2014-03-02,1,7,0.0,0.0,0,0,0,0
2014-03-03,1,1,15481.0,1629.0,1,1,0,0
2014-03-04,1,2,8714.0,916.0,1,0,0,0
2014-03-05,1,3,7913.0,836.0,1,0,0,0
2014-03-06,1,4,7878.0,838.0,1,0,0,0
2014-03-07,1,5,9553.0,1002.0,1,0,0,0
2014-03-08,1,6,10675.0,1117.0,1,0,0,0
2014-03-09,1,7,0.0,0.0,0,0,0,0
2014-03-10,1,1,11265.0,1178.0,1,0,0,0
2014-03-11,1,2,9955.0,1052.0,1,1,0,0
2014-03-12,1,3,9604.0,1011.0,1,1,0,0
2014-03-13,1,4,10277.0,1074.0,1,1,0,0
2014-03-14,1,5,11644.0,1223.0,1,1,0,0
2014-03-15,1,6,10939.0,1152.0,1,0,0,0
2014-03-16,1,7,0.0,0.0,0,0,0,0
2014-03-17,1,1,14334.0,1504.0,1,1,0,0
2014-03-18,1,2,8997.0,945.0,1,0,0,0
2014-03-19,1,3,8086.0,837.0,1,0,0,0
2014-03-20,1,4,8754.0,912.0,1,0,0,0
2014-03-21,1,5,10187.0,1085.0,1,0,0,0
2014-03-22,1,6,12029.0,1249.0,1,0,0,0
2014-03-23,1,7,0.0,0.0,0,0,0,0
2014-03-24,1,1,12259.0,1292.0,1,0,0,0
2014-03-25,1,2,11885.0,1248.0,1,1,0,0
2014-03-26,1,3,10794.0,1130.0,1,1,0,0
2014-03-27,1,4,10941.0,1151.0,1,1,0,0
2014-03-28,1,5,13338.0,1404.0,1,1,0,0
2014-03-29,1,6,11289.0,1188.0,1,0,0,0
2014-03-30,1,7,0.0,0.0,0,0,0,0
2014-03-31,1,1,15911.0,1674.0,1,1,0,0
2014-04-01,1,2,9695.0,1014.0,1,0,0,0
2014-04-02,1,3,8349.0,874.0,1,0,0,0
2014-04-03,1,4,8205.0,866.0,1,0,0,0
2014-04-04,1,5,9161.0,969.0,1,0,0,0
2014-04-05,1,6,11387.0,1206.0,1,0,0,0
2014-04-06,1,7,0.0,0.0,0,0,0,0
2014-04-07,1,1,10708.0,1135.0,1,0,0,0
2014-04-08,1,2,10443.0,1109.0,1,1,0,0
2014-04-09,1,3,10650.0,1130.0,1,1,0,0
2014-04-10,1,4,9547.0,1016.0,1,1,0,0
2014-04-11,1,5,11350.0,1194.0,1,1,0,0
2014-04-12,1,6,10254.0,1078.0,1,0,0,0
2014-04-13,1,7,0.0,0.0,0,0,0,0
2014-04-14,1,1,14826.0,1550.0,1,1,0,0
2014-04-15,1,2,8309.0,876.0,1,0,0,0
2014-04-16,1,3,7541.0,790.0,1,0,0,0
2014-04-17,1,4,7939.0,833.0,1,0,0,0
2014-04-18,1,5,9488.0,985.0,1,0,0,0
2014-04-19,1,6,11483.0,1202.0,1,0,0,0
2014-04-20,1,7,0.0,0.0,0,0,0,0
2014-04-21,1,1,11220.0,1188.0,1,0,0,0
2014-04-22,1,2,9554.0,1014.0,1,1,0,0
2014-04-23,1,3,10520.0,1107.0,1,1,0,0
2014-04-24,1,4,10167.0,1069.0,1,1,0,0
2014-04-25,1,5,12850.0,1346.0,1,1,0,0
2014-04-26,1,6,11659.0,1230.0,1,0,0,0
2014-04-27,1,7,0.0,0.0,0,0,0,0
2014-04-28,1,1,16230.0,1713.0,1,1,0,0
2014-04-29,1,2,10283.0,1096.0,1,0,0,0
2014-04-30,1,3,8631.0,908.0,1,0,0,0
2014-05-01,1,4,7645.0,793.0,1,0,0,0
2014-05-02,1,5,9057.0,946.0,1,0,0,0
2014-05-03,1,6,9910.0,1031.0,1,0,0,0
2014-05-04,1,7,0.0,0.0,0,0,0,0
2014-05-05,1,1,12665.0,1344.0,1,0,0,0
2014-05-06,1,2,11040.0,1164.0,1,1,0,0
2014-05-07,1,3,9434.0,981.0,1,1,0,0
2014-05-08,1,4,9365.0,991.0,1,1,0,0
2014-05-09,1,5,12945.0,1373.0,1,1,0,0
2014-05-10,1,6,9818.0,1031.0,1,0,0,0
2014-05-11,1,7,0.0,0.0,0,0,0,0
2014-05-12,1,1,14081.0,1480.0,1,1,0,0
2014-05-13,1,2,8915.0,941.0,1,0,0,0
2014-05-14,1,3,7703.0,816.0,1,0,0,0
2014-05-15,1,4,7575.0,807.0,1,0,0,0
2014-05-16,1,5,8673.0,923.0,1,0,0,0
2014-05-17,1,6,9793.0,1040.0,1,0,0,0
2014-05-18,1,7,0.0,0.0,0,0,0,0
2014-05-19,1,1,12795.0,1352.0,1,0,0,0
2014-05-20,1,2,11440.0,1192.0,1,1,0,0
2014-05-21,1,3,9959.0,1047.0,1,1,0,0
2014-05-22,1,4,8769.0,926.0,1,1,0,0
2014-05-23,1,5,11056.0,1161.0,1,1,0,0
2014-05-24,1,6,10408.0,1103.0,1,0,0,0
2014-05-25,1,7,0.0,0.0,0,0,0,0
2014-05-26,1,1,14826.0,1553.0,1,1,0,0
2014-05-27,1,2,8043.0,858.0,1,0,0,0
2014-05-28,1,3,7577.0,803.0,1,0,0,0
2014-05-29,1,4,7553.0,797.0,1,0,0,0
2014-05-30,1,5,10179.0,1079.0,1,0,0,0
2014-05-31,1,6,12779.0,1354.0,1,0,0,0
2014-06-01,1,7,0.0,0.0,0,0,0,0
2014-06-02,1,1,12363.0,1282.0,1,0,0,0
2014-06-03,1,2,11306.0,1185.0,1,1,0,0
2014-06-04,1,3,9968.0,1046.0,1,1,0,0
2014-06-05,1,4,9389.0,980.0,1,1,0,0
2014-06-06,1,5,11745.0,1238.0,1,1,0,0
2014-06-07,1,6,10120.0,1075.0,1,0,0,0
2014-06-08,1,7,0.0,0.0,0,0,0,0
2014-06-09,1,1,14860.0,1555.0,1,1,0,0
2014-06-10,1,2,8690.0,931.0,1,0,0,0
2014-06-11,1,3,7880.0,826.0,1,0,0,0
2014-06-12,1,4,7395.0,769.0,1,0,0,0
2014-06-13,1,5,8726.0,920.0,1,0,0,0
2014-06-14,1,6,10172.0,1074.0,1,0,0,0
2014-06-15,1,7,0.0,0.0,0,0,0,0
2014-06-16,1,1,11326.0,1199.0,1,0,0,0
2014-06-17,1,2,10589.0,1111.0,1,1,0,0
2014-06-18,1,3,9006.0,941.0,1,1,0,0
2014-06-19,1,4,9117.0,961.0,1,1,0,0
2014-06-20,1,5,10533.0,1115.0,1,1,0,0
2014-06-21,1,6,9546.0,1000.0,1,0,0,0
2014-06-22,1,7,0.0,0.0,0,0,0,0
2014-06-23,1,1,12049.0,1268.0,1,1,0,0
2014-06-24,1,2,7415.0,803.0,1,0,0,0
2014-06-25,1,3,7148.0,747.0,1,0,0,0
2014-06-26,1,4,7087.0,757.0,1,0,0,0
2014-06-27,1,5,8675.0,913.0,1,0,0,0
2014-06-28,1,6,9961.0,1048.0,1,0,0,0
2014-06-29,1,7,0.0,0.0,0,0,0,0
2014-06-30,1,1,10519.0,1114.0,1,0,0,0
2014-07-01,1,2,9644.0,1025.0,1,1,0,1
2014-07-02,1,3,9148.0,966.0,1,1,0,1
2014-07-03,1,4,8440.0,884.0,1,1,0,1
2014-07-04,1,5,10928.0,1146.0,1,1,0,1
2014-07-05,1,6,10173.0,1075.0,1,0,0,1
2014-07-06,1,7,0.0,0.0,0,0,0,1
2014-07-07,1,1,13748.0,1458.0,1,1,0,1
2014-07-08,1,2,8238.0,871.0,1,0,0,1
2014-07-09,1,3,6824.0,727.0,1,0,0,1
2014-07-10,1,4,7063.0,756.0,1,0,0,1
2014-07-11,1,5,8926.0,941.0,1,0,0,1
2014-07-12,1,6,10468.0,1090.0,1,0,0,1
2014-07-13,1,7,0.0,0.0,0,0,0,1
2014-07-14,1,1,11000.0,1146.0,1,0,0,1
2014-07-15,1,2,10046.0,1070.0,1,1,0,1
2014-07-16,1,3,9614.0,1005.0,1,1,0,1
2014-07-17,1,4,9557.0,1016.0,1,1,0,1
2014-07-18,1,5,11767.0,1243.0,1,1,0,1
2014-07-19,1,6,9640.0,1028.0,1,0,0,1
2014-07-20,1,7,0.0,0.0,0,0,0,1
2014-07-21,1,1,14865.0,1564.0,1,1,0,1
2014-07-22,1,2,8817.0,927.0,1,0,0,1
2014-07-23,1,3,7946.0,837.0,1,0,0,1
2014-07-24,1,4,6936.0,732.0,1,0,0,1
2014-07-25,1,5,9088.0,952.0,1,0,0,1
2014-07-26,1,6,10257.0,1079.0,1,0,0,1
2014-07-27,1,7,0.0,0.0,0,0,0,1
2014-07-28,1,1,10107.0,1050.0,1,0,0,1
2014-07-29,1,2,8680.0,916.0,1,1,0,1
2014-07-30,1,3,7636.0,797.0,1,1,0,1
2014-07-31,1,4,7579.0,799.0,1,1,0,1
2014-08-01,1,5,10638.0,1127.0,1,1,0,1
2014-08-02,1,6,9518.0,1001.0,1,0,0,1
2014-08-03,1,7,0.0,0.0,0,0,0,1
2014-08-04,1,1,14863.0,1552.0,1,1,0,1
2014-08-05,1,2,9000.0,956.0,1,0,0,1
2014-08-06,1,3,7865.0,823.0,1,0,0,1
2014-08-07,1,4,7365.0,780.0,1,0,0,1
2014-08-08,1,5,8298.0,875.0,1,0,0,1
2014-08-09,1,6,9237.0,952.0,1,0,0,1
2014-08-10,1,7,0.0,0.0,0,0,0,1
2014-08-11,1,1,10717.0,1130.0,1,0,0,1
2014-08-12,1,2,9916.0,1056.0,1,1,0,1
2014-08-13,1,3,9550.0,1008.0,1,1,0,1
2014-08-14,1,4,8759.0,924.0,1,1,0,1
2014-08-15,1,5,10737.0,1119.0,1,1,0,1
2014-08-16,1,6,10127.0,1077.0,1,0,0,1
2014-08-17,1,7,0.0,0.0,0,0,0,1
2014-08-18,1,1,14722.0,1550.0,1,1,0,1
2014-08-19,1,2,8352.0,877.0,1,0,0,1
2014-08-20,1,3,7320.0,758.0,1,0,0,1
2014-08-21,1,4,7183.0,763.0,1,0,0,1
2014-08-22,1,5,8222.0,887.0,1,0,0,1
2014-08-23,1,6,8601.0,911.0,1,0,0,1
2014-08-24,1,7,0.0,0.0,0,0,0,1
2014-08-25,1,1,10053.0,1063.0,1,0,0,1
2014-08-26,1,2,9534.0,996.0,1,1,0,1
2014-08-27,1,3,7890.0,841.0,1,1,0,1
2014-08-28,1,4,7780.0,809.0,1,1,0,1
2014-08-29,1,5,9504.0,999.0,1,1,0,1
2014-08-30,1,6,8412.0,888.0,1,0,0,1
2014-08-31,1,7,0.0,0.0,0,0,0,1
2014-09-01,1,1,10889.0,1150.0,1,1,0,0
2014-09-02,1,2,6987.0,739.0,1,0,0,0
2014-09-03,1,3,6681.0,697.0,1,0,0,0
2014-09-04,1,4,6342.0,657.0,1,0,0,0
2014-09-05,1,5,7928.0,835.0,1,0,0,0
2014-09-06,1,6,9629.0,1008.0,1,0,0,0
2014-09-07,1,7,0.0,0.0,0,0,0,0
2014-09-08,1,1,9106.0,948.0,1,0,0,0
2014-09-09,1,2,9003.0,944.0,1,1,0,0
2014-09-10,1,3,8700.0,901.0,1,1,0,0
2014-09-11,1,4,9295.0,968.0,1,1,0,0
2014-09-12,1,5,11803.0,1229.0,1,1,0,0
2014-09-13,1,6,10471.0,1104.0,1,0,0,0
2014-09-14,1,7,0.0,0.0,0,0,0,0
2014-09-15,1,1,14357.0,1527.0,1,1,0,0
2014-09-16,1,2,7739.0,803.0,1,0,0,0
2014-09-17,1,3,6977.0,729.0,1,0,0,0
2014-09-18,1,4,7095.0,754.0,1,0,0,0
2014-09-19,1,5,9470.0,995.0,1,0,0,0
2014-09-20,1,6,10350.0,1087.0,1,0,0,0
2014-09-21,1,7,0.0,0.0,0,0,0,0
2014-09-22,1,1,10740.0,1128.0,1,0,0,0
2014-09-23,1,2,10462.0,1092.0,1,1,0,0
2014-09-24,1,3,9265.0,965.0,1,1,0,0
2014-09-25,1,4,9549.0,1008.0,1,1,0,0
2014-09-26,1,5,10760.0,1135.0,1,1,0,0
2014-09-27,1,6,9527.0,992.0,1,0,0,0
2014-09-28,1,7,0.0,0.0,0,0,0,0
2014-09-29,1,1,13431.0,1418.0,1,1,0,0
2014-09-30,1,2,8026.0,849.0,1,0,0,0
2014-10-01,1,3,6589.0,688.0,1,0,0,0
2014-10-02,1,4,6138.0,651.0,1,0,0,0
2014-10-03,1,5,7885.0,835.0,1,0,0,0
2014-10-04,1,6,8803.0,912.0,1,0,0,0
2014-10-05,1,7,0.0,0.0,0,0,0,0
2014-10-06,1,1,9806.0,1036.0,1,0,0,0
2014-10-07,1,2,9405.0,985.0,1,1,0,0
2014-10-08,1,3,8844.0,914.0,1,1,0,0
2014-10-09,1,4,8334.0,875.0,1,1,0,0
2014-10-10,1,5,10894.0,1153.0,1,1,0,0
2014-10-11,1,6,9590.0,1022.0,1,0,0,0
2014-10-12,1,7,0.0,0.0,0,0,0,0
2014-10-13,1,1,12914.0,1380.0,1,1,0,0
2014-10-14,1,2,7030.0,731.0,1,0,0,0
2014-10-15,1,3,6619.0,704.0,1,0,0,0
2014-10-16,1,4,6247.0,667.0,1,0,0,0
2014-10-17,1,5,8152.0,866.0,1,0,0,0
2014-10-18,1,6,9526.0,1004.0,1,0,0,0
2014-10-19,1,7,0.0,0.0,0,0,0,0
2014-10-20,1,1,9908.0,1048.0,1,0,0,0
2014-10-21,1,2,9041.0,946.0,1,1,0,0
2014-10-22,1,3,8843.0,911.0,1,1,0,0
2014-10-23,1,4,8278.0,894.0,1,1,0,0
2014-10-24,1,5,10007.0,1059.0,1,1,0,0
2014-10-25,1,6,9837.0,1050.0,1,0,0,0
2014-10-26,1,7,0.0,0.0,0,0,0,0
2014-10-27,1,1,15904.0,1686.0,1,1,0,0
2014-10-28,1,2,8641.0,922.0,1,0,0,0
2014-10-29,1,3,7685.0,821.0,1,0,0,0
2014-10-30,1,4,7853.0,826.0,1,0,0,0
2014-10-31,1,5,9197.0,958.0,1,0,0,0
2014-11-01,1,6,9738.0,1024.0,1,0,0,0
2014-11-02,1,7,0.0,0.0,0,0,0,0
2014-11-03,1,1,10743.0,1117.0,1,0,0,0
2014-11-04,1,2,9361.0,986.0,1,1,0,0
2014-11-05,1,3,7815.0,815.0,1,1,0,0
2014-11-06,1,4,7218.0,758.0,1,1,0,0
2014-11-07,1,5,9805.0,1031.0,1,1,0,0
2014-11-08,1,6,8688.0,930.0,1,0,0,0
2014-11-09,1,7,0.0,0.0,0,0,0,0
2014-11-10,1,1,12686.0,1335.0,1,1,0,0
2014-11-11,1,2,7632.0,813.0,1,0,0,0
2014-11-12,1,3,6857.0,716.0,1,0,0,0
2014-11-13,1,4,6932.0,727.0,1,0,0,0
2014-11-14,1,5,8083.0,858.0,1,0,0,0
2014-11-15,1,6,9226.0,961.0,1,0,0,0
2014-11-16,1,7,0.0,0.0,0,0,0,0
2014-11-17,1,1,10514.0,1096.0,1,0,0,0
2014-11-18,1,2,9710.0,1023.0,1,1,0,0
2014-11-19,1,3,8541.0,912.0,1,1,0,0
2014-11-20,1,4,8298.0,867.0,1,1,0,0
2014-11-21,1,5,10271.0,1083.0,1,1,0,0
2014-11-22,1,6,9856.0,1030.0,1,0,0,0
2014-11-23,1,7,0.0,0.0,0,0,0,0
2014-11-24,1,1,11884.0,1241.0,1,1,0,0
2014-11-25,1,2,6929.0,741.0,1,0,0,0
2014-11-26,1,3,7617.0,821.0,1,0,0,0
2014-11-27,1,4,7689.0,813.0,1,0,0,0
2014-11-28,1,5,9171.0,960.0,1,0,0,0
2014-11-29,1,6,10781.0,1140.0,1,0,0,0
2014-11-30,1,7,0.0,0.0,0,0,0,0
2014-12-01,1,1,11971.0,1267.0,1,0,0,0
2014-12-02,1,2,10535.0,1111.0,1,1,0,0
2014-12-03,1,3,10152.0,1071.0,1,1,0,0
2014-12-04,1,4,9900.0,1047.0,1,1,0,0
2014-12-05,1,5,12302.0,1290.0,1,1,0,0
2014-12-06,1,6,10542.0,1106.0,1,0,0,0
2014-12-07,1,7,0.0,0.0,0,0,0,0
2014-12-08,1,1,16617.0,1746.0,1,1,0,0
2014-12-09,1,2,9318.0,969.0,1,0,0,0
2014-12-10,1,3,8468.0,890.0,1,0,0,0
2014-12-11,1,4,7122.0,742.0,1,0,0,0
2014-12-12,1,5,9130.0,962.0,1,0,0,0
2014-12-13,1,6,10315.0,1089.0,1,0,0,0
2014-12-14,1,7,0.0,0.0,0,0,0,0
2014-12-15,1,1,11760.0,1231.0,1,0,0,0
2014-12-16,1,2,10493.0,1097.0,1,1,0,0
2014-12-17,1,3,8661.0,918.0,1,1,0,0
2014-12-18,1,4,8896.0,950.0,1,1,0,0
2014-12-19,1,5,10624.0,1125.0,1,1,0,0
2014-12-20,1,6,9660.0,1014.0,1,0,0,1
2014-12-21,1,7,0.0,0.0,0,0,0,1
2014-12-22,1,1,13182.0,1375.0,1,1,0,1
2014-12-23,1,2,6671.0,714.0,1,0,0,1
2014-12-24,1,3,7068.0,739.0,1,0,0,1
2014-12-25,1,4,0.0,0.0,0,0,a,1
2014-12-26,1,5,9497.0,1021.0,1,0,0,1
2014-12-27,1,6,12000.0,1276.0,1,0,0,1
2014-12-28,1,7,0.0,0.0,0,0,0,1
2014-12-29,1,1,11037.0,1163.0,1,0,0,1
2014-12-30,1,2,9776.0,1027.0,1,1,0,1
2014-12-31,1,3,8525.0,898.0,1,1,0,1
2013-01-01,2,2,8521.0,908.0,1,1,0,0
2013-01-02,2,3,7507.0,785.0,1,1,0,0
2013-01-03,2,4,7632.0,801.0,1,1,0,0
2013-01-04,2,5,9537.0,997.0,1,1,0,0
2013-01-05,2,6,9208.0,976.0,1,0,0,0
2013-01-06,2,7,0.0,0.0,0,0,0,0
2013-01-07,2,1,13848.0,1449.0,1,1,0,0
2013-01-08,2,2,7313.0,759.0,1,0,0,0
2013-01-09,2,3,6656.0,689.0,1,0,0,0
2013-01-10,2,4,5720.0,606.0,1,0,0,0
2013-01-11,2,5,6659.0,722.0,1,0,0,0
2013-01-12,2,6,8629.0,900.0,1,0,0,0
2013-01-13,2,7,0.0,0.0,0,0,0,0
2013-01-14,2,1,9319.0,983.0,1,0,0,0
2013-01-15,2,2,8616.0,898.0,1,1,0,0
2013-01-16,2,3,7460.0,783.0,1,1,0,0
2013-01-17,2,4,7305.0,767.0,1,1,0,0
2013-01-18,2,5,8930.0,934.0,1,1,0,0
2013-01-19,2,6,8064.0,864.0,1,0,0,0
2013-01-20,2,7,0.0,0.0,0,0,0,0
2013-01-21,2,1,12437.0,1312.0,1,1,0,0
2013-01-22,2,2,6849.0,724.0,1,0,0,0
2013-01-23,2,3,5985.0,625.0,1,0,0,0
2013-01-24,2,4,6075.0,641.0,1,0,0,0
2013-01-25,2,5,7520.0,799.0,1,0,0,0
2013-01-26,2,6,9258.0,976.0,1,0,0,0
2013-01-27,2,7,0.0,0.0,0,0,0,0
2013-01-28,2,1,11337.0,1199.0,1,0,0,0
2013-01-29,2,2,10004.0,1037.0,1,1,0,0
2013-01-30,2,3,8809.0,939.0,1,1,0,0
2013-01-31,2,4,8052.0,866.0,1,1,0,0
2013-02-01,2,5,9418.0,999.0,1,1,0,0
2013-02-02,2,6,8168.0,868.0,1,0,0,0
2013-02-03,2,7,0.0,0.0,0,0,0,0
2013-02-04,2,1,11343.0,1193.0,1,1,0,0
2013-02-05,2,2,6991.0,729.0,1,0,0,0
2013-02-06,2,3,6303.0,659.0,1,0,0,0
2013-02-07,2,4,6164.0,657.0,1,0,0,0
2013-02-08,2,5,7145.0,746.0,1,0,0,0
2013-02-09,2,6,9348.0,983.0,1,0,0,0
2013-02-10,2,7,0.0,0.0,0,0,0,0
2013-02-11,2,1,11214.0,1179.0,1,0,0,0
2013-02-12,2,2,10415.0,1097.0,1,1,0,0
2013-02-13,2,3,9920.0,1039.0,1,1,0,0
2013-02-14,2,4,9140.0,956.0,1,1,0,0
2013-02-15,2,5,11349.0,1210.0,1,1,0,0
2013-02-16,2,6,11385.0,1189.0,1,0,0,0
2013-02-17,2,7,0.0,0.0,0,0,0,0
2013-02-18,2,1,14372.0,1506.0,1,1,0,0
2013-02-19,2,2,8650.0,920.0,1,0,0,0
2013-02-20,2,3,7716.0,829.0,1,0,0,0
2013-02-21,2,4,7525.0,795.0,1,0,0,0
2013-02-22,2,5,9501.0,994.0,1,0,0,0
2013-02-23,2,6,10089.0,1059.0,1,0,0,0
2013-02-24,2,7,0.0,0.0,0,0,0,0
2013-02-25,2,1,10144.0,1061.0,1,0,0,0
2013-02-26,2,2,8986.0,958.0,1,1,0,0
2013-02-27,2,3,8023.0,856.0,1,1,0,0
2013-02-28,2,4,7927.0,835.0,1,1,0,0
2013-03-01,2,5,10022.0,1060.0,1,1,0,0
2013-03-02,2,6,9412.0,997.0,1,0,0,0
2013-03-03,2,7,0.0,0.0,0,0,0,0
2013-03-04,2,1,13646.0,1428.0,1,1,0,0
2013-03-05,2,2,8183.0,871.0,1,0,0,0
2013-03-06,2,3,7570.0,794.0,1,0,0,0
2013-03-07,2,4,7028.0,734.0,1,0,0,0
2013-03-08,2,5,8472.0,893.0,1,0,0,0
2013-03-09,2,6,9950.0,1046.0,1,0,0,0
2013-03-10,2,7,0.0,0.0,0,0,0,0
2013-03-11,2,1,9644.0,1002.0,1,0,0,0
2013-03-12,2,2,9469.0,989.0,1,1,0,0
2013-03-13,2,3,10142.0,1079.0,1,1,0,0
2013-03-14,2,4,8561.0,917.0,1,1,0,0
2013-03-15,2,5,11118.0,1176.0,1,1,0,0
2013-03-16,2,6,10092.0,1072.0,1,0,0,0
2013-03-17,2,7,0.0,0.0,0,0,0,0
2013-03-18,2,1,14405.0,1516.0,1,1,0,0
2013-03-19,2,2,7492.0,791.0,1,0,0,0
2013-03-20,2,3,6920.0,720.0,1,0,0,0
2013-03-21,2,4,7308.0,761.0,1,0,0,0
2013-03-22,2,5,8679.0,914.0,1,0,0,0
2013-03-23,2,6,9602.0,1008.0,1,0,0,0
2013-03-24,2,7,0.0,0.0,0,0,0,0
2013-03-25,2,1,10100.0,1066.0,1,0,0,0
2013-03-26,2,2,10231.0,1075.0,1,1,0,0
2013-03-27,2,3,8708.0,925.0,1,1,0,0
2013-03-28,2,4,8938.0,941.0,1,1,0,0
2013-03-29,2,5,10081.0,1059.0,1,1,0,0
2013-03-30,2,6,9612.0,1013.0,1,0,0,0
2013-03-31,2,7,0.0,0.0,0,0,0,0
2013-04-01,2,1,11084.0,1161.0,1,1,0,0
2013-04-02,2,2,6679.0,700.0,1,0,0,0
2013-04-03,2,3,5908.0,628.0,1,0,0,0
2013-04-04,2,4,5872.0,623.0,1,0,0,0
2013-04-05,2,5,8281.0,882.0,1,0,0,0
2013-04-06,2,6,8892.0,922.0,1,0,0,0
2013-04-07,2,7,0.0,0.0,0,0,0,0
2013-04-08,2,1,10362.0,1087.0,1,0,0,0
2013-04-09,2,2,9603.0,1012.0,1,1,0,0
2013-04-10,2,3,9549.0,1002.0,1,1,0,0
2013-04-11,2,4,9235.0,968.0,1,1,0,0
2013-04-12,2,5,10558.0,1118.0,1,1,0,0
2013-04-13,2,6,9497.0,1001.0,1,0,0,0
2013-04-14,2,7,0.0,0.0,0,0,0,0
2013-04-15,2,1,14392.0,1526.0,1,1,0,0
2013-04-16,2,2,7998.0,850.0,1,0,0,0
2013-04-17,2,3,7194.0,753.0,1,0,0,0
2013-04-18,2,4,6872.0,730.0,1,0,0,0
2013-04-19,2,5,8108.0,848.0,1,0,0,0
2013-04-20,2,6,10429.0,1107.0,1,0,0,0
2013-04-21,2,7,0.0,0.0,0,0,0,0
2013-04-22,2,1,10048.0,1051.0,1,0,0,0
2013-04-23,2,2,9051.0,950.0,1,1,0,0
2013-04-24,2,3,8758.0,916.0,1,1,0,0
2013-04-25,2,4,8830.0,931.0,1,1,0,0
2013-04-26,2,5,10640.0,1121.0,1,1,0,0
2013-04-27,2,6,9193.0,968.0,1,0,0,0
2013-04-28,2,7,0.0,0.0,0,0,0,0
2013-04-29,2,1,11496.0,1181.0,1,1,0,0
2013-04-30,2,2,6252.0,659.0,1,0,0,0
2013-05-01,2,3,6350.0,653.0,1,0,0,0
2013-05-02,2,4,6132.0,647.0,1,0,0,0
2013-05-03,2,5,7900.0,841.0,1,0,0,0
2013-05-04,2,6,9826.0,1037.0,1,0,0,0
2013-05-05,2,7,0.0,0.0,0,0,0,0
2013-05-06,2,1,10620.0,1116.0,1,0,0,0
2013-05-07,2,2,10811.0,1137.0,1,1,0,0
2013-05-08,2,3,9818.0,1029.0,1,1,0,0
2013-05-09,2,4,9029.0,946.0,1,1,0,0
2013-05-10,2,5,11292.0,1181.0,1,1,0,0
2013-05-11,2,6,10156.0,1079.0,1,0,0,0
2013-05-12,2,7,0.0,0.0,0,0,0,0
2013-05-13,2,1,12906.0,1366.0,1,1,0,0
2013-05-14,2,2,7275.0,764.0,1,0,0,0
2013-05-15,2,3,5889.0,620.0,1,0,0,0
2013-05-16,2,4,5905.0,620.0,1,0,0,0
2013-05-17,2,5,7352.0,778.0,1,0,0,0
2013-05-18,2,6,8433.0,894.0,1,0,0,0
2013-05-19,2,7,0.0,0.0,0,0,0,0
2013-05-20,2,1,8635.0,904.0,1,0,0,0
2013-05-21,2,2,8295.0,867.0,1,1,0,0
2013-05-22,2,3,7875.0,842.0,1,1,0,0
2013-05-23,2,4,7284.0,764.0,1,1,0,0
2013-05-24,2,5,9662.0,1015.0,1,1,0,0
2013-05-25,2,6,8198.0,875.0,1,0,0,0
2013-05-26,2,7,0.0,0.0,0,0,0,0
2013-05-27,2,1,12694.0,1340.0,1,1,0,0
2013-05-28,2,2,6927.0,726.0,1,0,0,0
2013-05-29,2,3,6197.0,671.0,1,0,0,0
2013-05-30,2,4,6541.0,692.0,1,0,0,0
2013-05-31,2,5,7805.0,826.0,1,0,0,0
2013-06-01,2,6,8818.0,927.0,1,0,0,0
2013-06-02,2,7,0.0,0.0,0,0,0,0
2013-06-03,2,1,10289.0,1072.0,1,0,0,0
2013-06-04,2,2,8166.0,863.0,1,1,0,0
2013-06-05,2,3,7287.0,770.0,1,1,0,0
2013-06-06,2,4,6898.0,724.0,1,1,0,0
2013-06-07,2,5,8262.0,860.0,1,1,0,0
2013-06-08,2,6,7451.0,773.0,1,0,0,0
2013-06-09,2,7,0.0,0.0,0,0,0,0
2013-06-10,2,1,10996.0,1146.0,1,1,0,0
2013-06-11,2,2,6123.0,652.0,1,0,0,0
2013-06-12,2,3,5875.0,628.0,1,0,0,0
2013-06-13,2,4,6019.0,656.0,1,0,0,0
2013-06-14,2,5,7147.0,759.0,1,0,0,0
2013-06-15,2,6,8444.0,884.0,1,0,0,0
2013-06-16,2,7,0.0,0.0,0,0,0,0
2013-06-17,2,1,10091.0,1035.0,1,0,0,0
2013-06-18,2,2,8800.0,922.0,1,1,0,0
2013-06-19,2,3,7997.0,840.0,1,1,0,0
2013-06-20,2,4,7375.0,784.0,1,1,0,0
2013-06-21,2,5,9371.0,991.0,1,1,0,0
2013-06-22,2,6,8964.0,948.0,1,0,0,0
2013-06-23,2,7,0.0,0.0,0,0,0,0
2013-06-24,2,1,11507.0,1217.0,1,1,0,0
2013-06-25,2,2,7072.0,756.0,1,0,0,0
2013-06-26,2,3,6206.0,645.0,1,0,0,0
2013-06-27,2,4,6114.0,640.0,1,0,0,0
2013-06-28,2,5,7048.0,731.0,1,0,0,0
2013-06-29,2,6,7817.0,836.0,1,0,0,0
2013-06-30,2,7,0.0,0.0,0,0,0,0
2013-07-01,2,1,9764.0,1034.0,1,0,0,1
2013-07-02,2,2,8643.0,900.0,1,1,0,1
2013-07-03,2,3,7624.0,804.0,1,1,0,1
2013-07-04,2,4,7229.0,759.0,1,1,0,1
2013-07-05,2,5,8924.0,940.0,1,1,0,1
2013-07-06,2,6,8486.0,892.0,1,0,0,1
2013-07-07,2,7,0.0,0.0,0,0,0,1
2013-07-08,2,1,12996.0,1365.0,1,1,0,1
2013-07-09,2,2,7251.0,770.0,1,0,0,1
2013-07-10,2,3,6944.0,733.0,1,0,0,1
2013-07-11,2,4,6592.0,692.0,1,0,0,1
2013-07-12,2,5,8089.0,851.0,1,0,0,1
2013-07-13,2,6,8306.0,871.0,1,0,0,1
2013-07-14,2,7,0.0,0.0,0,0,0,1
2013-07-15,2,1,8857.0,930.0,1,0,0,1
2013-07-16,2,2,8069.0,852.0,1,1,0,1
2013-07-17,2,3,6499.0,681.0,1,1,0,1
2013-07-18,2,4,7008.0,726.0,1,1,0,1
2013-07-19,2,5,8543.0,907.0,1,1,0,1
2013-07-20,2,6,7653.0,797.0,1,0,0,1
2013-07-21,2,7,0.0,0.0,0,0,0,1
2013-07-22,2,1,10571.0,1116.0,1,1,0,1
2013-07-23,2,2,6293.0,649.0,1,0,0,1
2013-07-24,2,3,5359.0,557.0,1,0,0,1
2013-07-25,2,4,5065.0,529.0,1,0,0,1
2013-07-26,2,5,6580.0,686.0,1,0,0,1
2013-07-27,2,6,7773.0,809.0,1,0,0,1
2013-07-28,2,7,0.0,0.0,0,0,0,1
2013-07-29,2,1,8115.0,852.0,1,0,0,1
2013-07-30,2,2,7254.0,767.0,1,1,0,1
2013-07-31,2,3,6817.0,714.0,1,1,0,1
2013-08-01,2,4,7277.0,768.0,1,1,0,1
2013-08-02,2,5,8370.0,875.0,1,1,0,1
2013-08-03,2,6,8374.0,881.0,1,0,0,1
2013-08-04,2,7,0.0,0.0,0,0,0,1
2013-08-05,2,1,11248.0,1184.0,1,1,0,1
2013-08-06,2,2,6643.0,696.0,1,0,0,1
2013-08-07,2,3,5485.0,569.0,1,0,0,1
2013-08-08,2,4,4861.0,513.0,1,0,0,1
2013-08-09,2,5,5731.0,606.0,1,0,0,1
2013-08-10,2,6,6778.0,711.0,1,0,0,1
2013-08-11,2,7,0.0,0.0,0,0,0,1
2013-08-12,2,1,7534.0,797.0,1,0,0,1
2013-08-13,2,2,7246.0,783.0,1,1,0,1
2013-08-14,2,3,5912.0,620.0,1,1,0,1
2013-08-15,2,4,6322.0,668.0,1,1,0,1
2013-08-16,2,5,7321.0,774.0,1,1,0,1
2013-08-17,2,6,6669.0,681.0,1,0,0,1
2013-08-18,2,7,0.0,0.0,0,0,0,1
2013-08-19,2,1,9014.0,943.0,1,1,0,1
2013-08-20,2,2,4953.0,532.0,1,0,0,1
2013-08-21,2,3,4521.0,474.0,1,0,0,1
2013-08-22,2,4,4711.0,490.0,1,0,0,1
2013-08-23,2,5,6285.0,660.0,1,0,0,1
2013-08-24,2,6,7604.0,802.0,1,0,0,1
2013-08-25,2,7,0.0,0.0,0,0,0,1
2013-08-26,2,1,7536.0,793.0,1,0,0,1
2013-08-27,2,2,6754.0,700.0,1,1,0,1
2013-08-28,2,3,6604.0,693.0,1,1,0,1
2013-08-29,2,4,5764.0,613.0,1,1,0,1
2013-08-30,2,5,8079.0,866.0,1,1,0,1
2013-08-31,2,6,7188.0,762.0,1,0,0,1
2013-09-01,2,7,0.0,0.0,0,0,0,0
2013-09-02,2,1,10016.0,1064.0,1,1,0,0
2013-09-03,2,2,6150.0,656.0,1,0,0,0
2013-09-04,2,3,5685.0,612.0,1,0,0,0
2013-09-05,2,4,5803.0,620.0,1,0,0,0
2013-09-06,2,5,7020.0,738.0,1,0,0,0
2013-09-07,2,6,8442.0,891.0,1,0,0,0
2013-09-08,2,7,0.0,0.0,0,0,0,0
2013-09-09,2,1,8980.0,948.0,1,0,0,0
2013-09-10,2,2,8673.0,915.0,1,1,0,0
2013-09-11,2,3,7690.0,803.0,1,1,0,0
2013-09-12,2,4,7306.0,752.0,1,1,0,0
2013-09-13,2,5,8347.0,873.0,1,1,0,0
2013-09-14,2,6,7416.0,764.0,1,0,0,0
2013-09-15,2,7,0.0,0.0,0,0,0,0
2013-09-16,2,1,9782.0,1030.0,1,1,0,0
2013-09-17,2,2,5903.0,608.0,1,0,0,0
2013-09-18,2,3,5511.0,586.0,1,0,0,0
2013-09-19,2,4,5432.0,579.0,1,0,0,0
2013-09-20,2,5,5814.0,613.0,1,0,0,0
2013-09-21,2,6,6878.0,737.0,1,0,0,0
2013-09-22,2,7,0.0,0.0,0,0,0,0
2013-09-23,2,1,7618.0,792.0,1,0,0,0
2013-09-24,2,2,7198.0,766.0,1,1,0,0
2013-09-25,2,3,5738.0,608.0,1,1,0,0
2013-09-26,2,4,6182.0,654.0,1,1,0,0
2013-09-27,2,5,7489.0,796.0,1,1,0,0
2013-09-28,2,6,7356.0,769.0,1,0,0,0
2013-09-29,2,7,0.0,0.0,0,0,0,0
2013-09-30,2,1,9823.0,1027.0,1,1,0,0
2013-10-01,2,2,5616.0,585.0,1,0,0,0
2013-10-02,2,3,5463.0,574.0,1,0,0,0
2013-10-03,2,4,5035.0,518.0,1,0,0,0
2013-10-04,2,5,6058.0,629.0,1,0,0,0
2013-10-05,2,6,8070.0,854.0,1,0,0,0
2013-10-06,2,7,0.0,0.0,0,0,0,0
2013-10-07,2,1,7799.0,824.0,1,0,0,0
2013-10-08,2,2,7161.0,739.0,1,1,0,0
2013-10-09,2,3,6246.0,651.0,1,1,0,0
2013-10-10,2,4,6731.0,704.0,1,1,0,0
2013-10-11,2,5,9091.0,957.0,1,1,0,0
2013-10-12,2,6,7708.0,807.0,1,0,0,0
2013-10-13,2,7,0.0,0.0,0,0,0,0
2013-10-14,2,1,10409.0,1095.0,1,1,0,0
2013-10-15,2,2,6311.0,664.0,1,0,0,0
2013-10-16,2,3,5923.0,624.0,1,0,0,0
2013-10-17,2,4,5985.0,636.0,1,0,0,0
2013-10-18,2,5,6796.0,712.0,1,0,0,0
2013-10-19,2,6,7655.0,815.0,1,0,0,0
2013-10-20,2,7,0.0,0.0,0,0,0,0
2013-10-21,2,1,7097.0,748.0,1,0,0,0
2013-10-22,2,2,7264.0,765.0,1,1,0,0
2013-10-23,2,3,6466.0,685.0,1,1,0,0
2013-10-24,2,4,7324.0,779.0,1,1,0,0
2013-10-25,2,5,8851.0,939.0,1,1,0,0
2013-10-26,2,6,7605.0,804.0,1,0,0,0
2013-10-27,2,7,0.0,0.0,0,0,0,0
2013-10-28,2,1,11819.0,1245.0,1,1,0,0
2013-10-29,2,2,6692.0,714.0,1,0,0,0
2013-10-30,2,3,5556.0,585.0,1,0,0,0
2013-10-31,2,4,5520.0,564.0,1,0,0,0
2013-11-01,2,5,7261.0,775.0,1,0,0,0
2013-11-02,2,6,7920.0,835.0,1,0,0,0
2013-11-03,2,7,0.0,0.0,0,0,0,0
2013-11-04,2,1,8631.0,907.0,1,0,0,0
2013-11-05,2,2,7932.0,828.0,1,1,0,0
2013-11-06,2,3,6752.0,728.0,1,1,0,0
2013-11-07,2,4,6528.0,691.0,1,1,0,0
2013-11-08,2,5,7808.0,809.0,1,1,0,0
2013-11-09,2,6,7387.0,782.0,1,0,0,0
2013-11-10,2,7,0.0,0.0,0,0,0,0
2013-11-11,2,1,11110.0,1185.0,1,1,0,0
2013-11-12,2,2,6521.0,678.0,1,0,0,0
2013-11-13,2,3,5361.0,546.0,1,0,0,0
2013-11-14,2,4,5431.0,572.0,1,0,0,0
2013-11-15,2,5,7051.0,739.0,1,0,0,0
2013-11-16,2,6,8213.0,861.0,1,0,0,0
2013-11-17,2,7,0.0,0.0,0,0,0,0
2013-11-18,2,1,8735.0,923.0,1,0,0,0
2013-11-19,2,2,7566.0,810.0,1,1,0,0
2013-11-20,2,3,7383.0,762.0,1,1,0,0
2013-11-21,2,4,6729.0,718.0,1,1,0,0
2013-11-22,2,5,7339.0,768.0,1,1,0,0
2013-11-23,2,6,7471.0,805.0,1,0,0,0
2013-11-24,2,7,0.0,0.0,0,0,0,0
2013-11-25,2,1,10053.0,1057.0,1,1,0,0
2013-11-26,2,2,5401.0,577.0,1,0,0,0
2013-11-27,2,3,4747.0,504.0,1,0,0,0
2013-11-28,2,4,4556.0,475.0,1,0,0,0
2013-11-29,2,5,5860.0,623.0,1,0,0,0
2013-11-30,2,6,7276.0,762.0,1,0,0,0
2013-12-01,2,7,0.0,0.0,0,0,0,0
2013-12-02,2,1,7843.0,842.0,1,0,0,0
2013-12-03,2,2,6933.0,727.0,1,1,0,0
2013-12-04,2,3,6207.0,648.0,1,1,0,0
2013-12-05,2,4,6682.0,706.0,1,1,0,0
2013-12-06,2,5,8394.0,871.0,1,1,0,0
2013-12-07,2,6,7041.0,730.0,1,0,0,0
2013-12-08,2,7,0.0,0.0,0,0,0,0
2013-12-09,2,1,10687.0,1121.0,1,1,0,0
2013-12-10,2,2,6291.0,663.0,1,0,0,0
2013-12-11,2,3,5865.0,626.0,1,0,0,0
2013-12-12,2,4,6198.0,649.0,1,0,0,0
2013-12-13,2,5,7295.0,772.0,1,0,0,0
2013-12-14,2,6,8804.0,932.0,1,0,0,0
2013-12-15,2,7,0.0,0.0,0,0,0,0
2013-12-16,2,1,9508.0,1003.0,1,0,0,0
2013-12-17,2,2,8261.0,862.0,1,1,0,0
2013-12-18,2,3,7414.0,789.0,1,1,0,0
2013-12-19,2,4,8093.0,856.0,1,1,0,0
2013-12-20,2,5,9893.0,1042.0,1,1,0,1
2013-12-21,2,6,8822.0,918.0,1,0,0,1
2013-12-22,2,7,0.0,0.0,0,0,0,1
2013-12-23,2,1,13042.0,1367.0,1,1,0,1
2013-12-24,2,2,6898.0,732.0,1,0,0,1
2013-12-25,2,3,0.0,0.0,0,0,a,1
2013-12-26,2,4,5820.0,606.0,1,0,0,1
2013-12-27,2,5,7683.0,816.0,1,0,0,1
2013-12-28,2,6,9298.0,985.0,1,0,0,1
2013-12-29,2,7,0.0,0.0,0,0,0,1
2013-12-30,2,1,9063.0,963.0,1,0,0,1
2013-12-31,2,2,8488.0,891.0,1,1,0,1
2014-01-01,2,3,7789.0,817.0,1,1,0,0
2014-01-02,2,4,7192.0,758.0,1,1,0,0
2014-01-03,2,5,9335.0,977.0,1,1,0,0
2014-01-04,2,6,7494.0,785.0,1,0,0,0
2014-01-05,2,7,0.0,0.0,0,0,0,0
2014-01-06,2,1,10582.0,1126.0,1,1,0,0
2014-01-07,2,2,6167.0,661.0,1,0,0,0
2014-01-08,2,3,5931.0,622.0,1,0,0,0
2014-01-09,2,4,5459.0,588.0,1,0,0,0
2014-01-10,2,5,7217.0,759.0,1,0,0,0
2014-01-11,2,6,8327.0,880.0,1,0,0,0
2014-01-12,2,7,0.0,0.0,0,0,0,0
2014-01-13,2,1,8239.0,870.0,1,0,0,0
2014-01-14,2,2,7355.0,794.0,1,1,0,0
2014-01-15,2,3,7284.0,769.0,1,1,0,0
2014-01-16,2,4,6905.0,717.0,1,1,0,0
2014-01-17,2,5,8896.0,947.0,1,1,0,0
2014-01-18,2,6,8811.0,924.0,1,0,0,0
2014-01-19,2,7,0.0,0.0,0,0,0,0
2014-01-20,2,1,13688.0,1417.0,1,1,0,0
2014-01-21,2,2,7458.0,793.0,1,0,0,0
2014-01-22,2,3,6308.0,671.0,1,0,0,0
2014-01-23,2,4,6555.0,696.0,1,0,0,0
2014-01-24,2,5,8109.0,861.0,1,0,0,0
2014-01-25,2,6,9775.0,1042.0,1,0,0,0
2014-01-26,2,7,0.0,0.0,0,0,0,0
2014-01-27,2,1,10774.0,1142.0,1,0,0,0
2014-01-28,2,2,10082.0,1055.0,1,1,0,0
2014-01-29,2,3,9270.0,973.0,1,1,0,0
2014-01-30,2,4,8986.0,954.0,1,1,0,0
2014-01-31,2,5,10957.0,1156.0,1,1,0,0
2014-02-01,2,6,9775.0,1018.0,1,0,0,0
2014-02-02,2,7,0.0,0.0,0,0,0,0
2014-02-03,2,1,13728.0,1444.0,1,1,0,0
2014-02-04,2,2,7434.0,776.0,1,0,0,0
2014-05-06,2,2,9384.0,983.0,1,1,0,0
2014-05-07,2,3,8453.0,888.0,1,1,0,0
2014-05-08,2,4,7534.0,785.0,1,1,0,0
2014-05-09,2,5,9916.0,1032.0,1,1,0,0
2014-05-10,2,6,9220.0,960.0,1,0,0,0
2014-05-11,2,7,0.0,0.0,0,0,0,0
2014-05-12,2,1,13316.0,1402.0,1,1,0,0
2014-05-13,2,2,8020.0,852.0,1,0,0,0
2014-05-14,2,3,6722.0,716.0,1,0,0,0
2014-05-15,2,4,6253.0,655.0,1,0,0,0
2014-05-16,2,5,8496.0,900.0,1,0,0,0
2014-05-17,2,6,10341.0,1077.0,1,0,0,0
2014-05-18,2,7,0.0,0.0,0,0,0,0
2014-05-19,2,1,9567.0,1017.0,1,0,0,0
2014-05-20,2,2,8590.0,902.0,1,1,0,0
2014-05-21,2,3,7779.0,810.0,1,1,0,0
2014-05-22,2,4,7027.0,743.0,1,1,0,0
2014-05-23,2,5,9092.0,942.0,1,1,0,0
2014-05-24,2,6,7825.0,817.0,1,0,0,0
2014-05-25,2,7,0.0,0.0,0,0,0,0
2014-05-26,2,1,11665.0,1228.0,1,1,0,0
2014-05-27,2,2,6531.0,684.0,1,0,0,0
2014-05-28,2,3,6116.0,651.0,1,0,0,0
2014-05-29,2,4,6318.0,657.0,1,0,0,0
2014-05-30,2,5,8158.0,861.0,1,0,0,0
2014-05-31,2,6,9091.0,953.0,1,0,0,0
2014-06-01,2,7,0.0,0.0,0,0,0,0
2014-06-02,2,1,9317.0,984.0,1,0,0,0
2014-06-03,2,2,9596.0,1002.0,1,1,0,0
2014-06-04,2,3,8910.0,953.0,1,1,0,0
2014-06-05,2,4,7980.0,835.0,1,1,0,0
2014-06-06,2,5,9827.0,1050.0,1,1,0,0
2014-06-07,2,6,9257.0,966.0,1,0,0,0
2014-06-08,2,7,0.0,0.0,0,0,0,0
2014-06-09,2,1,13934.0,1457.0,1,1,0,0
2014-06-10,2,2,8212.0,854.0,1,0,0,0
2014-06-11,2,3,6975.0,735.0,1,0,0,0
2014-06-12,2,4,6597.0,700.0,1,0,0,0
2014-06-13,2,5,7416.0,770.0,1,0,0,0
2014-06-14,2,6,8725.0,928.0,1,0,0,0
2014-06-15,2,7,0.0,0.0,0,0,0,0
2014-06-16,2,1,10960.0,1155.0,1,0,0,0
2014-06-17,2,2,9741.0,1028.0,1,1,0,0
2014-06-18,2,3,7680.0,813.0,1,1,0,0
2014-06-19,2,4,7282.0,752.0,1,1,0,0
2014-06-20,2,5,9208.0,982.0,1,1,0,0
2014-06-21,2,6,7809.0,826.0,1,0,0,0
2014-06-22,2,7,0.0,0.0,0,0,0,0
2014-06-23,2,1,10630.0,1111.0,1,1,0,0
2014-06-24,2,2,6419.0,662.0,1,0,0,0
2014-06-25,2,3,5914.0,612.0,1,0,0,0
2014-06-26,2,4,5545.0,588.0,1,0,0,0
2014-06-27,2,5,7343.0,770.0,1,0,0,0
2014-06-28,2,6,8205.0,855.0,1,0,0,0
2014-06-29,2,7,0.0,0.0,0,0,0,0
2014-06-30,2,1,8120.0,867.0,1,0,0,0
2014-07-01,2,2,7406.0,777.0,1,1,0,1
2014-07-02,2,3,7362.0,770.0,1,1,0,1
2014-07-03,2,4,6598.0,705.0,1,1,0,1
2014-07-04,2,5,8439.0,892.0,1,1,0,1
2014-07-05,2,6,8216.0,865.0,1,0,0,1
2014-07-06,2,7,0.0,0.0,0,0,0,1
2014-07-07,2,1,11374.0,1185.0,1,1,0,1
2014-07-08,2,2,6107.0,633.0,1,0,0,1
2014-07-09,2,3,6170.0,646.0,1,0,0,1
2014-07-10,2,4,6346.0,666.0,1,0,0,1
2014-07-11,2,5,7730.0,817.0,1,0,0,1
2014-07-12,2,6,7874.0,833.0,1,0,0,1
2014-07-13,2,7,0.0,0.0,0,0,0,1
2014-07-14,2,1,8846.0,933.0,1,0,0,1
2014-07-15,2,2,8990.0,938.0,1,1,0,1
2014-07-16,2,3,8148.0,840.0,1,1,0,1
2014-07-17,2,4,8295.0,869.0,1,1,0,1
2014-07-18,2,5,9543.0,997.0,1,1,0,1
2014-07-19,2,6,8409.0,880.0,1,0,0,1
2014-07-20,2,7,0.0,0.0,0,0,0,1
2014-07-21,2,1,11623.0,1214.0,1,1,0,1
2014-07-22,2,2,6011.0,624.0,1,0,0,1
2014-07-23,2,3,5921.0,622.0,1,0,0,1
2014-07-24,2,4,6188.0,652.0,1,0,0,1
2014-07-25,2,5,6975.0,729.0,1,0,0,1
2014-07-26,2,6,7404.0,783.0,1,0,0,1
2014-07-27,2,7,0.0,0.0,0,0,0,1
2014-07-28,2,1,8143.0,849.0,1,0,0,1
2014-07-29,2,2,6574.0,692.0,1,1,0,1
2014-07-30,2,3,6749.0,725.0,1,1,0,1
2014-07-31,2,4,6818.0,712.0,1,1,0,1
2014-08-01,2,5,8272.0,880.0,1,1,0,1
2014-08-02,2,6,8587.0,915.0,1,0,0,1
2014-08-03,2,7,0.0,0.0,0,0,0,1
2014-08-04,2,1,10910.0,1142.0,1,1,0,1
2014-08-05,2,2,6270.0,676.0,1,0,0,1
2014-08-06,2,3,5387.0,568.0,1,0,0,1
2014-08-07,2,4,5104.0,535.0,1,0,0,1
2014-08-08,2,5,6599.0,693.0,1,0,0,1
2014-08-09,2,6,7416.0,785.0,1,0,0,1
2014-08-10,2,7,0.0,0.0,0,0,0,1
2014-08-11,2,1,8894.0,935.0,1,0,0,1
2014-08-12,2,2,8468.0,902.0,1,1,0,1
2014-08-13,2,3,7897.0,825.0,1,1,0,1
2014-08-14,2,4,7696.0,802.0,1,1,0,1
2014-08-15,2,5,9441.0,1000.0,1,1,0,1
2014-08-16,2,6,8955.0,948.0,1,0,0,1
2014-08-17,2,7,0.0,0.0,0,0,0,1
2014-08-18,2,1,12554.0,1313.0,1,1,0,1
2014-08-19,2,2,6518.0,695.0,1,0,0,1
2014-08-20,2,3,5765.0,611.0,1,0,0,1
2014-08-21,2,4,5139.0,555.0,1,0,0,1
2014-08-22,2,5,6301.0,653.0,1,0,0,1
2014-08-23,2,6,7601.0,802.0,1,0,0,1
2014-08-24,2,7,0.0,0.0,0,0,0,1
2014-08-25,2,1,8412.0,873.0,1,0,0,1
2014-08-26,2,2,7727.0,808.0,1,1,0,1
2014-08-27,2,3,6907.0,736.0,1,1,0,1
2014-08-28,2,4,6480.0,678.0,1,1,0,1
2014-08-29,2,5,7534.0,787.0,1,1,0,1
2014-08-30,2,6,7083.0,753.0,1,0,0,1
2014-08-31,2,7,0.0,0.0,0,0,0,1
2014-09-01,2,1,9421.0,1000.0,1,1,0,0
2014-09-02,2,2,5569.0,580.0,1,0,0,0
2014-09-03,2,3,5003.0,526.0,1,0,0,0
2014-09-04,2,4,4711.0,504.0,1,0,0,0
2014-09-05,2,5,5511.0,575.0,1,0,0,0
2014-09-06,2,6,7507.0,784.0,1,0,0,0
2014-09-07,2,7,0.0,0.0,0,0,0,0
2014-09-08,2,1,8418.0,899.0,1,0,0,0
2014-09-09,2,2,7953.0,828.0,1,1,0,0
2014-09-10,2,3,7022.0,718.0,1,1,0,0
2014-09-11,2,4,6374.0,659.0,1,1,0,0
2014-09-12,2,5,8474.0,884.0,1,1,0,0
2014-09-13,2,6,8364.0,879.0,1,0,0,0
2014-09-14,2,7,0.0,0.0,0,0,0,0
2014-09-15,2,1,10314.0,1085.0,1,1,0,0
2014-09-16,2,2,6253.0,653.0,1,0,0,0
2014-09-17,2,3,5733.0,605.0,1,0,0,0
2014-09-18,2,4,6103.0,635.0,1,0,0,0
2014-09-19,2,5,7000.0,736.0,1,0,0,0
2014-09-20,2,6,8109.0,848.0,1,0,0,0
2014-09-21,2,7,0.0,0.0,0,0,0,0
2014-09-22,2,1,8977.0,951.0,1,0,0,0
2014-09-23,2,2,7728.0,807.0,1,1,0,0
2014-09-24,2,3,6145.0,639.0,1,1,0,0
2014-09-25,2,4,6157.0,645.0,1,1,0,0
2014-09-26,2,5,7713.0,799.0,1,1,0,0
2014-09-27,2,6,7943.0,830.0,1,0,0,0
2014-09-28,2,7,0.0,0.0,0,0,0,0
2014-09-29,2,1,10421.0,1104.0,1,1,0,0
2014-09-30,2,2,6134.0,642.0,1,0,0,0
2014-10-01,2,3,6035.0,629.0,1,0,0,0
2014-10-02,2,4,5684.0,588.0,1,0,0,0
2014-10-03,2,5,7230.0,752.0,1,0,0,0
2014-10-04,2,6,8281.0,871.0,1,0,0,0
2014-10-05,2,7,0.0,0.0,0,0,0,0
2014-10-06,2,1,8443.0,898.0,1,0,0,0
2014-10-07,2,2,7706.0,806.0,1,1,0,0
2014-10-08,2,3,6637.0,707.0,1,1,0,0
2014-10-09,2,4,7007.0,740.0,1,1,0,0
2014-10-10,2,5,7864.0,828.0,1,1,0,0
2014-10-11,2,6,7728.0,797.0,1,0,0,0
2014-10-12,2,7,0.0,0.0,0,0,0,0
2014-10-13,2,1,10777.0,1140.0,1,1,0,0
2014-10-14,2,2,5828.0,625.0,1,0,0,0
2014-10-15,2,3,5289.0,558.0,1,0,0,0
2014-10-16,2,4,5344.0,569.0,1,0,0,0
2014-10-17,2,5,6839.0,717.0,1,0,0,0
2014-10-18,2,6,7882.0,827.0,1,0,0,0
2014-10-19,2,7,0.0,0.0,0,0,0,0
2014-10-20,2,1,8384.0,890.0,1,0,0,0
2014-10-21,2,2,7774.0,821.0,1,1,0,0
2014-10-22,2,3,6439.0,676.0,1,1,0,0
2014-10-23,2,4,6720.0,705.0,1,1,0,0
2014-10-24,2,5,8364.0,885.0,1,1,0,0
2014-10-25,2,6,7390.0,780.0,1,0,0,0
2014-10-26,2,7,0.0,0.0,0,0,0,0
2014-10-27,2,1,11159.0,1188.0,1,1,0,0
2014-10-28,2,2,5304.0,560.0,1,0,0,0
2014-10-29,2,3,5054.0,532.0,1,0,0,0
2014-10-30,2,4,4617.0,498.0,1,0,0,0
2014-10-31,2,5,6362.0,678.0,1,0,0,0
2014-11-01,2,6,8483.0,892.0,1,0,0,0
2014-11-02,2,7,0.0,0.0,0,0,0,0
2014-11-03,2,1,8564.0,893.0,1,0,0,0
2014-11-04,2,2,7715.0,807.0,1,1,0,0
2014-11-05,2,3,7190.0,739.0,1,1,0,0
2014-11-06,2,4,7224.0,770.0,1,1,0,0
2014-11-07,2,5,9388.0,973.0,1,1,0,0
2014-11-08,2,6,7826.0,829.0,1,0,0,0
2014-11-09,2,7,0.0,0.0,0,0,0,0
2014-11-10,2,1,10758.0,1125.0,1,1,0,0
2014-11-11,2,2,6227.0,654.0,1,0,0,0
2014-11-12,2,3,6032.0,637.0,1,0,0,0
2014-11-13,2,4,5982.0,635.0,1,0,0,0
2014-11-14,2,5,6820.0,732.0,1,0,0,0
2014-11-15,2,6,7511.0,794.0,1,0,0,0
2014-11-16,2,7,0.0,0.0,0,0,0,0
2014-11-17,2,1,8090.0,847.0,1,0,0,0
2014-11-18,2,2,8074.0,856.0,1,1,0,0
2014-11-19,2,3,6800.0,717.0,1,1,0,0
2014-11-20,2,4,6937.0,727.0,1,1,0,0
2014-11-21,2,5,8877.0,934.0,1,1,0,0
2014-11-22,2,6,8234.0,866.0,1,0,0,0
2014-11-23,2,7,0.0,0.0,0,0,0,0
2014-11-24,2,1,12192.0,1287.0,1,1,0,0
2014-11-25,2,2,6922.0,725.0,1,0,0,0
2014-11-26,2,3,6430.0,671.0,1,0,0,0
2014-11-27,2,4,6252.0,664.0,1,0,0,0
2014-11-28,2,5,8165.0,846.0,1,0,0,0
2014-11-29,2,6,8105.0,848.0,1,0,0,0
2014-11-30,2,7,0.0,0.0,0,0,0,0
2014-12-01,2,1,9007.0,926.0,1,0,0,0
2014-12-02,2,2,8092.0,846.0,1,1,0,0
2014-12-03,2,3,6989.0,741.0,1,1,0,0
2014-12-04,2,4,6172.0,636.0,1,1,0,0
2014-12-05,2,5,7791.0,841.0,1,1,0,0
2014-12-06,2,6,7043.0,721.0,1,0,0,0
2014-12-07,2,7,0.0,0.0,0,0,0,0
2014-12-08,2,1,9689.0,1032.0,1,1,0,0
2014-12-09,2,2,6315.0,672.0,1,0,0,0
2014-12-10,2,3,5899.0,619.0,1,0,0,0
2014-12-11,2,4,5675.0,600.0,1,0,0,0
2014-12-12,2,5,6736.0,702.0,1,0,0,0
2014-12-13,2,6,7511.0,797.0,1,0,0,0
2014-12-14,2,7,0.0,0.0,0,0,0,0
2014-12-15,2,1,7829.0,822.0,1,0,0,0
2014-12-16,2,2,7527.0,800.0,1,1,0,0
2014-12-17,2,3,7016.0,730.0,1,1,0,0
2014-12-18,2,4,6422.0,673.0,1,1,0,0
2014-12-19,2,5,8139.0,858.0,1,1,0,0
2014-12-20,2,6,7227.0,750.0,1,0,0,1
2014-12-21,2,7,0.0,0.0,0,0,0,1
2014-12-22,2,1,11975.0,1263.0,1,1,0,1
2014-12-23,2,2,7003.0,725.0,1,0,0,1
2014-12-24,2,3,6195.0,652.0,1,0,0,1
2014-12-25,2,4,0.0,0.0,0,0,a,1
2014-12-26,2,5,6314.0,659.0,1,0,0,1
2014-12-27,2,6,6802.0,717.0,1,0,0,1
2014-12-28,2,7,0.0,0.0,0,0,0,1
2014-12-29,2,1,8125.0,863.0,1,0,0,1
2014-12-30,2,2,7818.0,817.0,1,1,0,1
2014-12-31,2,3,7072.0,752.0,1,1,0,1
2013-01-01,3,2,5299.0,551.0,1,1,0,0
2013-01-02,3,3,4785.0,515.0,1,1,0,0
2013-01-03,3,4,4640.0,481.0,1,1,0,0
2013-01-04,3,5,5463.0,592.0,1,1,0,0
2013-01-05,3,6,5346.0,563.0,1,0,0,0
2013-01-06,3,7,0.0,0.0,0,0,0,0
2013-01-07,3,1,8804.0,935.0,1,1,0,0
2013-01-08,3,2,5201.0,561.0,1,0,0,0
2013-01-09,3,3,4630.0,476.0,1,0,0,0
2013-01-10,3,4,4327.0,468.0,1,0,0,0
2013-01-11,3,5,5335.0,559.0,1,0,0,0
2013-01-12,3,6,6010.0,645.0,1,0,0,0
2013-01-13,3,7,0.0,0.0,0,0,0,0
2013-01-14,3,1,7057.0,730.0,1,0,0,0
2013-01-15,3,2,6018.0,637.0,1,1,0,0
2013-01-16,3,3,5243.0,559.0,1,1,0,0
2013-01-17,3,4,5544.0,600.0,1,1,0,0
2013-01-18,3,5,6816.0,731.0,1,1,0,0
2013-01-19,3,6,5991.0,636.0,1,0,0,0
2013-01-20,3,7,0.0,0.0,0,0,0,0
2013-01-21,3,1,8320.0,872.0,1,1,0,0
2013-01-22,3,2,4641.0,486.0,1,0,0,0
2013-01-23,3,3,4134.0,429.0,1,0,0,0
2013-01-24,3,4,3607.0,377.0,1,0,0,0
2013-01-25,3,5,4893.0,495.0,1,0,0,0
2013-01-26,3,6,5302.0,560.0,1,0,0,0
2013-01-27,3,7,0.0,0.0,0,0,0,0
2013-01-28,3,1,5651.0,615.0,1,0,0,0
2013-01-29,3,2,5670.0,603.0,1,1,0,0
2013-01-30,3,3,5245.0,548.0,1,1,0,0
2013-01-31,3,4,5186.0,550.0,1,1,0,0
2013-02-01,3,5,5815.0,602.0,1,1,0,0
2013-02-02,3,6,5445.0,568.0,1,0,0,0
2013-02-03,3,7,0.0,0.0,0,0,0,0
2013-02-04,3,1,7509.0,802.0,1,1,0,0
2013-02-05,3,2,4520.0,481.0,1,0,0,0
2013-02-06,3,3,4192.0,432.0,1,0,0,0
2013-02-07,3,4,4628.0,487.0,1,0,0,0
2013-02-08,3,5,5717.0,609.0,1,0,0,0
2013-02-09,3,6,6616.0,700.0,1,0,0,0
2013-02-10,3,7,0.0,0.0,0,0,0,0
2013-02-11,3,1,6802.0,709.0,1,0,0,0
2013-02-12,3,2,6542.0,684.0,1,1,0,0
2013-02-13,3,3,6209.0,654.0,1,1,0,0
2013-02-14,3,4,5474.0,584.0,1,1,0,0
2013-02-15,3,5,7134.0,744.0,1,1,0,0
2013-02-16,3,6,6526.0,678.0,1,0,0,0
2013-02-17,3,7,0.0,0.0,0,0,0,0
2013-02-18,3,1,9204.0,961.0,1,1,0,0
2013-02-19,3,2,4789.0,513.0,1,0,0,0
2013-02-20,3,3,4100.0,434.0,1,0,0,0
2013-02-21,3,4,4545.0,485.0,1,0,0,0
2013-02-22,3,5,5593.0,603.0,1,0,0,0
2013-02-23,3,6,5850.0,621.0,1,0,0,0
2013-02-24,3,7,0.0,0.0,0,0,0,0
2013-02-25,3,1,6442.0,671.0,1,0,0,0
2013-02-26,3,2,5363.0,559.0,1,1,0,0
2013-02-27,3,3,4396.0,468.0,1,1,0,0
2013-02-28,3,4,4156.0,450.0,1,1,0,0
2013-03-01,3,5,5731.0,614.0,1,1,0,0
2013-03-02,3,6,5469.0,594.0,1,0,0,0
2013-03-03,3,7,0.0,0.0,0,0,0,0
2013-03-04,3,1,8064.0,850.0,1,1,0,0
2013-03-05,3,2,4859.0,520.0,1,0,0,0
2013-03-06,3,3,3922.0,413.0,1,0,0,0
2013-03-07,3,4,3918.0,412.0,1,0,0,0
2013-03-08,3,5,4741.0,491.0,1,0,0,0
2013-03-09,3,6,5244.0,560.0,1,0,0,0
2013-03-10,3,7,0.0,0.0,0,0,0,0
2013-03-11,3,1,6012.0,637.0,1,0,0,0
2013-03-12,3,2,5656.0,584.0,1,1,0,0
2013-03-13,3,3,4865.0,521.0,1,1,0,0
2013-03-14,3,4,4846.0,502.0,1,1,0,0
2013-03-15,3,5,7031.0,747.0,1,1,0,0
2013-03-16,3,6,5954.0,614.0,1,0,0,0
2013-03-17,3,7,0.0,0.0,0,0,0,0
2013-03-18,3,1,7934.0,845.0,1,1,0,0
2013-03-19,3,2,4820.0,501.0,1,0,0,0
2013-03-20,3,3,4562.0,481.0,1,0,0,0
2013-03-21,3,4,4159.0,434.0,1,0,0,0
2013-03-22,3,5,5525.0,563.0,1,0,0,0
2013-03-23,3,6,6044.0,639.0,1,0,0,0
2013-03-24,3,7,0.0,0.0,0,0,0,0
2013-03-25,3,1,6110.0,634.0,1,0,0,0
2013-03-26,3,2,5785.0,614.0,1,1,0,0
2013-03-27,3,3,5663.0,590.0,1,1,0,0
2013-03-28,3,4,5752.0,597.0,1,1,0,0
2013-03-29,3,5,7023.0,739.0,1,1,0,0
2013-03-30,3,6,6663.0,696.0,1,0,0,0
2013-03-31,3,7,0.0,0.0,0,0,0,0
2013-04-01,3,1,9334.0,970.0,1,1,0,0
2013-04-02,3,2,4823.0,514.0,1,0,0,0
2013-04-03,3,3,4042.0,433.0,1,0,0,0
2013-04-04,3,4,4282.0,435.0,1,0,0,0
2013-04-05,3,5,4892.0,501.0,1,0,0,0
2013-04-06,3,6,5707.0,605.0,1,0,0,0
2013-04-07,3,7,0.0,0.0,0,0,0,0
2013-04-08,3,1,6257.0,662.0,1,0,0,0
2013-04-09,3,2,5755.0,615.0,1,1,0,0
2013-04-10,3,3,5863.0,614.0,1,1,0,0
2013-04-11,3,4,4879.0,505.0,1,1,0,0
2013-04-12,3,5,6622.0,675.0,1,1,0,0
2013-04-13,3,6,6889.0,727.0,1,0,0,0
2013-04-14,3,7,0.0,0.0,0,0,0,0
2013-04-15,3,1,9003.0,950.0,1,1,0,0
2013-04-16,3,2,5282.0,558.0,1,0,0,0
2013-04-17,3,3,5205.0,537.0,1,0,0,0
2013-04-18,3,4,4578.0,496.0,1,0,0,0
2013-04-19,3,5,5597.0,598.0,1,0,0,0
2013-04-20,3,6,6306.0,671.0,1,0,0,0
2013-04-21,3,7,0.0,0.0,0,0,0,0
2013-04-22,3,1,6979.0,731.0,1,0,0,0
2013-04-23,3,2,6604.0,691.0,1,1,0,0
2013-04-24,3,3,5803.0,608.0,1,1,0,0
2013-04-25,3,4,5648.0,586.0,1,1,0,0
2013-04-26,3,5,6658.0,704.0,1,1,0,0
2013-04-27,3,6,5843.0,617.0,1,0,0,0
2013-04-28,3,7,0.0,0.0,0,0,0,0
2013-04-29,3,1,8142.0,853.0,1,1,0,0
2013-04-30,3,2,4393.0,473.0,1,0,0,0
2013-05-01,3,3,4551.0,481.0,1,0,0,0
2013-05-02,3,4,4381.0,439.0,1,0,0,0
2013-05-03,3,5,4958.0,517.0,1,0,0,0
2013-05-04,3,6,6224.0,655.0,1,0,0,0
2013-05-05,3,7,0.0,0.0,0,0,0,0
2013-05-06,3,1,6676.0,700.0,1,0,0,0
2013-05-07,3,2,6145.0,645.0,1,1,0,0
2013-05-08,3,3,5703.0,595.0,1,1,0,0
2013-05-09,3,4,5595.0,594.0,1,1,0,0
2013-05-10,3,5,6624.0,694.0,1,1,0,0
2013-05-11,3,6,6044.0,631.0,1,0,0,0
2013-05-12,3,7,0.0,0.0,0,0,0,0
2013-05-13,3,1,7939.0,840.0,1,1,0,0
2013-05-14,3,2,4633.0,483.0,1,0,0,0
2013-05-15,3,3,4393.0,449.0,1,0,0,0
2013-05-16,3,4,4028.0,429.0,1,0,0,0
2013-05-17,3,5,4638.0,483.0,1,0,0,0
2013-05-18,3,6,6295.0,665.0,1,0,0,0
2013-05-19,3,7,0.0,0.0,0,0,0,0
2013-05-20,3,1,7338.0,782.0,1,0,0,0
2013-05-21,3,2,6729.0,717.0,1,1,0,0
2013-05-22,3,3,5990.0,626.0,1,1,0,0
2013-05-23,3,4,5853.0,615.0,1,1,0,0
2013-05-24,3,5,7269.0,755.0,1,1,0,0
2013-05-25,3,6,6806.0,730.0,1,0,0,0
2013-05-26,3,7,0.0,0.0,0,0,0,0
2013-05-27,3,1,8967.0,955.0,1,1,0,0
2013-05-28,3,2,5044.0,528.0,1,0,0,0
2013-05-29,3,3,4852.0,494.0,1,0,0,0
2013-05-30,3,4,4767.0,514.0,1,0,0,0
2013-05-31,3,5,5359.0,565.0,1,0,0,0
2013-06-01,3,6,5873.0,619.0,1,0,0,0
2013-06-02,3,7,0.0,0.0,0,0,0,0
2013-06-03,3,1,6220.0,660.0,1,0,0,0
2013-06-04,3,2,5656.0,600.0,1,1,0,0
2013-06-05,3,3,4946.0,508.0,1,1,0,0
2013-06-06,3,4,4877.0,522.0,1,1,0,0
2013-06-07,3,5,6299.0,659.0,1,1,0,0
2013-06-08,3,6,6078.0,636.0,1,0,0,0
2013-06-09,3,7,0.0,0.0,0,0,0,0
2013-06-10,3,1,9120.0,967.0,1,1,0,0
2013-06-11,3,2,5004.0,524.0,1,0,0,0
2013-06-12,3,3,5228.0,535.0,1,0,0,0
2013-06-13,3,4,5031.0,531.0,1,0,0,0
2013-06-14,3,5,5985.0,634.0,1,0,0,0
2013-06-15,3,6,6382.0,671.0,1,0,0,0
2013-06-16,3,7,0.0,0.0,0,0,0,0
2013-06-17,3,1,5789.0,603.0,1,0,0,0
2013-06-18,3,2,5517.0,571.0,1,1,0,0
2013-06-19,3,3,5687.0,600.0,1,1,0,0
2013-06-20,3,4,5016.0,535.0,1,1,0,0
2013-06-21,3,5,6897.0,734.0,1,1,0,0
2013-06-22,3,6,5995.0,625.0,1,0,0,0
2013-06-23,3,7,0.0,0.0,0,0,0,0
2013-06-24,3,1,7094.0,751.0,1,1,0,0
2013-06-25,3,2,4211.0,439.0,1,0,0,0
2013-06-26,3,3,3841.0,403.0,1,0,0,0
2013-06-27,3,4,3971.0,435.0,1,0,0,0
2013-06-28,3,5,4913.0,519.0,1,0,0,0
2013-06-29,3,6,5270.0,562.0,1,0,0,0
2013-06-30,3,7,0.0,0.0,0,0,0,0
2013-07-01,3,1,6342.0,668.0,1,0,0,1
2013-07-02,3,2,5957.0,613.0,1,1,0,1
2013-07-03,3,3,5642.0,594.0,1,1,0,1
2013-07-04,3,4,5659.0,605.0,1,1,0,1
2013-07-05,3,5,6703.0,722.0,1,1,0,1
2013-07-06,3,6,5476.0,586.0,1,0,0,1
2013-07-07,3,7,0.0,0.0,0,0,0,1
2013-07-08,3,1,7704.0,811.0,1,1,0,1
2013-07-09,3,2,4558.0,475.0,1,0,0,1
2013-07-10,3,3,4131.0,434.0,1,0,0,1
2013-07-11,3,4,3884.0,414.0,1,0,0,1
2013-07-12,3,5,4779.0,497.0,1,0,0,1
2013-07-13,3,6,5488.0,585.0,1,0,0,1
2013-07-14,3,7,0.0,0.0,0,0,0,1
2013-07-15,3,1,5585.0,574.0,1,0,0,1
2013-07-16,3,2,5901.0,613.0,1,1,0,1
2013-07-17,3,3,5332.0,548.0,1,1,0,1
2013-07-18,3,4,4924.0,507.0,1,1,0,1
2013-07-19,3,5,5583.0,597.0,1,1,0,1
2013-07-20,3,6,4926.0,517.0,1,0,0,1
2013-07-21,3,7,0.0,0.0,0,0,0,1
2013-07-22,3,1,7592.0,808.0,1,1,0,1
2013-07-23,3,2,4248.0,457.0,1,0,0,1
2013-07-24,3,3,3887.0,405.0,1,0,0,1
2013-07-25,3,4,3715.0,402.0,1,0,0,1
2013-07-26,3,5,4293.0,455.0,1,0,0,1
2013-07-27,3,6,5439.0,573.0,1,0,0,1
2013-07-28,3,7,0.0,0.0,0,0,0,1
2013-07-29,3,1,6684.0,692.0,1,0,0,1
2013-07-30,3,2,5667.0,590.0,1,1,0,1
2013-07-31,3,3,5039.0,530.0,1,1,0,1
2013-08-01,3,4,5089.0,541.0,1,1,0,1
2013-08-02,3,5,6038.0,633.0,1,1,0,1
2013-08-03,3,6,4979.0,523.0,1,0,0,1
2013-08-04,3,7,0.0,0.0,0,0,0,1
2013-08-05,3,1,6765.0,723.0,1,1,0,1
2013-08-06,3,2,4016.0,429.0,1,0,0,1
2013-08-07,3,3,3677.0,397.0,1,0,0,1
2013-08-08,3,4,3818.0,399.0,1,0,0,1
2013-08-09,3,5,4893.0,513.0,1,0,0,1
2013-08-10,3,6,5581.0,590.0,1,0,0,1
2013-08-11,3,7,0.0,0.0,0,0,0,1
2013-08-12,3,1,5717.0,598.0,1,0,0,1
2013-08-13,3,2,5394.0,581.0,1,1,0,1
2013-08-14,3,3,5113.0,537.0,1,1,0,1
2013-08-15,3,4,4885.0,506.0,1,1,0,1
2013-08-16,3,5,6047.0,640.0,1,1,0,1
2013-08-17,3,6,5268.0,569.0,1,0,0,1
2013-08-18,3,7,0.0,0.0,0,0,0,1
2013-08-19,3,1,6309.0,674.0,1,1,0,1
2013-08-20,3,2,3901.0,407.0,1,0,0,1
2013-08-21,3,3,3692.0,385.0,1,0,0,1
2013-08-22,3,4,3918.0,407.0,1,0,0,1
2013-08-23,3,5,4710.0,495.0,1,0,0,1
2013-08-24,3,6,5555.0,599.0,1,0,0,1
2013-08-25,3,7,0.0,0.0,0,0,0,1
2013-08-26,3,1,6317.0,678.0,1,0,0,1
2013-08-27,3,2,5413.0,562.0,1,1,0,1
2013-08-28,3,3,4802.0,504.0,1,1,0,1
2013-08-29,3,4,4663.0,498.0,1,1,0,1
2013-08-30,3,5,5367.0,570.0,1,1,0,1
2013-08-31,3,6,5039.0,533.0,1,0,0,1
2013-09-01,3,7,0.0,0.0,0,0,0,0
2013-09-02,3,1,6980.0,738.0,1,1,0,0
2013-09-03,3,2,4416.0,457.0,1,0,0,0
2013-09-04,3,3,3850.0,426.0,1,0,0,0
2013-09-05,3,4,3643.0,382.0,1,0,0,0
2013-09-06,3,5,4379.0,462.0,1,0,0,0
2013-09-07,3,6,4814.0,498.0,1,0,0,0
2013-09-08,3,7,0.0,0.0,0,0,0,0
2013-09-09,3,1,5382.0,556.0,1,0,0,0
2013-09-10,3,2,5433.0,580.0,1,1,0,0
2013-09-11,3,3,5002.0,524.0,1,1,0,0
2013-09-12,3,4,4885.0,519.0,1,1,0,0
2013-09-13,3,5,5779.0,603.0,1,1,0,0
2013-09-14,3,6,4747.0,496.0,1,0,0,0
2013-09-15,3,7,0.0,0.0,0,0,0,0
2013-09-16,3,1,6297.0,655.0,1,1,0,0
2013-09-17,3,2,3898.0,396.0,1,0,0,0
2013-09-18,3,3,3560.0,378.0,1,0,0,0
2013-09-19,3,4,3807.0,392.0,1,0,0,0
2013-09-20,3,5,4746.0,496.0,1,0,0,0
2013-09-21,3,6,5534.0,590.0,1,0,0,0
2013-09-22,3,7,0.0,0.0,0,0,0,0
2013-09-23,3,1,5758.0,613.0,1,0,0,0
2013-09-24,3,2,5379.0,561.0,1,1,0,0
2013-09-25,3,3,5039.0,542.0,1,1,0,0
2013-09-26,3,4,4587.0,493.0,1,1,0,0
2013-09-27,3,5,5736.0,600.0,1,1,0,0
2013-09-28,3,6,5847.0,614.0,1,0,0,0
2013-09-29,3,7,0.0,0.0,0,0,0,0
2013-09-30,3,1,7255.0,765.0,1,1,0,0
2013-10-01,3,2,3914.0,421.0,1,0,0,0
2013-10-02,3,3,3281.0,334.0,1,0,0,0
2013-10-03,3,4,3518.0,378.0,1,0,0,0
2013-10-04,3,5,4331.0,445.0,1,0,0,0
2013-10-05,3,6,5047.0,524.0,1,0,0,0
2013-10-06,3,7,0.0,0.0,0,0,0,0
2013-10-07,3,1,6542.0,705.0,1,0,0,0
2013-10-08,3,2,5455.0,575.0,1,1,0,0
2013-10-09,3,3,5123.0,541.0,1,1,0,0
2013-10-10,3,4,4983.0,519.0,1,1,0,0
2013-10-11,3,5,6053.0,646.0,1,1,0,0
2013-10-12,3,6,5453.0,557.0,1,0,0,0
2013-10-13,3,7,0.0,0.0,0,0,0,0
2013-10-14,3,1,7735.0,832.0,1,1,0,0
2013-10-15,3,2,4402.0,460.0,1,0,0,0
2013-10-16,3,3,3964.0,417.0,1,0,0,0
2013-10-17,3,4,4004.0,427.0,1,0,0,0
2013-10-18,3,5,4964.0,516.0,1,0,0,0
2013-10-19,3,6,5614.0,591.0,1,0,0,0
2013-10-20,3,7,0.0,0.0,0,0,0,0
2013-10-21,3,1,6318.0,667.0,1,0,0,0
2013-10-22,3,2,5717.0,605.0,1,1,0,0
2013-10-23,3,3,5010.0,525.0,1,1,0,0
2013-10-24,3,4,4545.0,481.0,1,1,0,0
2013-10-25,3,5,5461.0,575.0,1,1,0,0
2013-10-26,3,6,4661.0,502.0,1,0,0,0
2013-10-27,3,7,0.0,0.0,0,0,0,0
2013-10-28,3,1,6764.0,710.0,1,1,0,0
2013-10-29,3,2,3431.0,342.0,1,0,0,0
2013-10-30,3,3,3288.0,352.0,1,0,0,0
2013-10-31,3,4,3438.0,368.0,1,0,0,0
2013-11-01,3,5,4315.0,447.0,1,0,0,0
2013-11-02,3,6,4709.0,480.0,1,0,0,0
2013-11-03,3,7,0.0,0.0,0,0,0,0
2013-11-04,3,1,5331.0,569.0,1,0,0,0
2013-11-05,3,2,4606.0,476.0,1,1,0,0
2013-11-06,3,3,4057.0,423.0,1,1,0,0
2013-11-07,3,4,4129.0,436.0,1,1,0,0
2013-11-08,3,5,5549.0,594.0,1,1,0,0
2013-11-09,3,6,5377.0,566.0,1,0,0,0
2013-11-10,3,7,0.0,0.0,0,0,0,0
2013-11-11,3,1,6764.0,708.0,1,1,0,0
2013-11-12,3,2,3763.0,409.0,1,0,0,0
2013-11-13,3,3,3330.0,359.0,1,0,0,0
2013-11-14,3,4,3321.0,349.0,1,0,0,0
2013-11-15,3,5,3749.0,383.0,1,0,0,0
2013-11-16,3,6,4589.0,477.0,1,0,0,0
2013-11-17,3,7,0.0,0.0,0,0,0,0
2013-11-18,3,1,5361.0,559.0,1,0,0,0
2013-11-19,3,2,5144.0,549.0,1,1,0,0
2013-11-20,3,3,4466.0,473.0,1,1,0,0
2013-11-21,3,4,4059.0,430.0,1,1,0,0
2013-11-22,3,5,5007.0,532.0,1,1,0,0
2013-11-23,3,6,5072.0,538.0,1,0,0,0
2013-11-24,3,7,0.0,0.0,0,0,0,0
2013-11-25,3,1,7165.0,752.0,1,1,0,0
2013-11-26,3,2,4383.0,480.0,1,0,0,0
2013-11-27,3,3,3873.0,398.0,1,0,0,0
2013-11-28,3,4,4073.0,425.0,1,0,0,0
2013-11-29,3,5,5006.0,535.0,1,0,0,0
2013-11-30,3,6,5474.0,575.0,1,0,0,0
2013-12-01,3,7,0.0,0.0,0,0,0,0
2013-12-02,3,1,5738.0,593.0,1,0,0,0
2013-12-03,3,2,5013.0,532.0,1,1,0,0
2013-12-04,3,3,4270.0,458.0,1,1,0,0
2013-12-05,3,4,4414.0,476.0,1,1,0,0
2013-12-06,3,5,5549.0,585.0,1,1,0,0
2013-12-07,3,6,5093.0,544.0,1,0,0,0
2013-12-08,3,7,0.0,0.0,0,0,0,0
2013-12-09,3,1,7651.0,807.0,1,1,0,0
2013-12-10,3,2,4230.0,440.0,1,0,0,0
2013-12-11,3,3,3716.0,393.0,1,0,0,0
2013-12-12,3,4,3948.0,422.0,1,0,0,0
2013-12-13,3,5,5189.0,555.0,1,0,0,0
2013-12-14,3,6,5905.0,614.0,1,0,0,0
2013-12-15,3,7,0.0,0.0,0,0,0,0
2013-12-16,3,1,5515.0,577.0,1,0,0,0
2013-12-17,3,2,5383.0,558.0,1,1,0,0
2013-12-18,3,3,4955.0,520.0,1,1,0,0
2013-12-19,3,4,5286.0,545.0,1,1,0,0
2013-12-20,3,5,5903.0,621.0,1,1,0,1
2013-12-21,3,6,5599.0,592.0,1,0,0,1
2013-12-22,3,7,0.0,0.0,0,0,0,1
2013-12-23,3,1,8002.0,847.0,1,1,0,1
2013-12-24,3,2,4491.0,470.0,1,0,0,1
2013-12-25,3,3,0.0,0.0,0,0,a,1
2013-12-26,3,4,3976.0,407.0,1,0,0,1
2013-12-27,3,5,4490.0,473.0,1,0,0,1
2013-12-28,3,6,4934.0,513.0,1,0,0,1
2013-12-29,3,7,0.0,0.0,0,0,0,1
2013-12-30,3,1,5194.0,546.0,1,0,0,1
2013-12-31,3,2,5415.0,572.0,1,1,0,1
2014-01-01,3,3,5406.0,556.0,1,1,0,0
2014-01-02,3,4,5285.0,544.0,1,1,0,0
2014-01-03,3,5,6058.0,635.0,1,1,0,0
2014-01-04,3,6,5496.0,582.0,1,0,0,0
2014-01-05,3,7,0.0,0.0,0,0,0,0
2014-01-06,3,1,8096.0,859.0,1,1,0,0
2014-01-07,3,2,4665.0,501.0,1,0,0,0
2014-01-08,3,3,4338.0,461.0,1,0,0,0
2014-01-09,3,4,4081.0,429.0,1,0,0,0
2014-01-10,3,5,4442.0,459.0,1,0,0,0
2014-01-11,3,6,5043.0,523.0,1,0,0,0
2014-01-12,3,7,0.0,0.0,0,0,0,0
2014-01-13,3,1,5692.0,601.0,1,0,0,0
2014-01-14,3,2,5436.0,574.0,1,1,0,0
2014-01-15,3,3,4831.0,509.0,1,1,0,0
2014-01-16,3,4,4741.0,498.0,1,1,0,0
2014-01-17,3,5,6573.0,697.0,1,1,0,0
2014-01-18,3,6,5593.0,590.0,1,0,0,0
2014-01-19,3,7,0.0,0.0,0,0,0,0
2014-01-20,3,1,7443.0,786.0,1,1,0,0
2014-01-21,3,2,4177.0,435.0,1,0,0,0
2014-01-22,3,3,3841.0,396.0,1,0,0,0
2014-01-23,3,4,3989.0,424.0,1,0,0,0
2014-01-24,3,5,5471.0,579.0,1,0,0,0
2014-01-25,3,6,5575.0,585.0,1,0,0,0
2014-01-26,3,7,0.0,0.0,0,0,0,0
2014-01-27,3,1,6214.0,672.0,1,0,0,0
2014-01-28,3,2,5759.0,600.0,1,1,0,0
2014-01-29,3,3,5262.0,552.0,1,1,0,0
2014-01-30,3,4,5087.0,538.0,1,1,0,0
2014-01-31,3,5,6727.0,699.0,1,1,0,0
2014-02-01,3,6,5893.0,621.0,1,0,0,0
2014-02-02,3,7,0.0,0.0,0,0,0,0
2014-02-03,3,1,8100.0,860.0,1,1,0,0
2014-02-04,3,2,4685.0,498.0,1,0,0,0
2014-02-05,3,3,4258.0,453.0,1,0,0,0
2014-02-06,3,4,4420.0,466.0,1,0,0,0
2014-02-07,3,5,5374.0,573.0,1,0,0,0
2014-02-08,3,6,6192.0,651.0,1,0,0,0
2014-02-09,3,7,0.0,0.0,0,0,0,0
2014-02-10,3,1,6220.0,656.0,1,0,0,0
2014-02-11,3,2,5545.0,591.0,1,1,0,0
2014-02-12,3,3,4887.0,517.0,1,1,0,0
2014-02-13,3,4,5027.0,535.0,1,1,0,0
2014-02-14,3,5,6070.0,623.0,1,1,0,0
2014-02-15,3,6,5303.0,568.0,1,0,0,0
2014-02-16,3,7,0.0,0.0,0,0,0,0
2014-02-17,3,1,8158.0,869.0,1,1,0,0
2014-02-18,3,2,4227.0,442.0,1,0,0,0
2014-02-19,3,3,4454.0,462.0,1,0,0,0
2014-02-20,3,4,4346.0,460.0,1,0,0,0
2014-02-21,3,5,5311.0,551.0,1,0,0,0
2014-02-22,3,6,6486.0,689.0,1,0,0,0
2014-02-23,3,7,0.0,0.0,0,0,0,0
2014-02-24,3,1,6611.0,704.0,1,0,0,0
2014-02-25,3,2,6881.0,735.0,1,1,0,0
2014-02-26,3,3,5760.0,590.0,1,1,0,0
2014-02-27,3,4,5562.0,588.0,1,1,0,0
2014-02-28,3,5,7165.0,749.0,1,1,0,0
2014-03-01,3,6,6018.0,622.0,1,0,0,0
2014-03-02,3,7,0.0,0.0,0,0,0,0
2014-03-03,3,1,8529.0,896.0,1,1,0,0
2014-03-04,3,2,5543.0,592.0,1,0,0,0
2014-03-05,3,3,4668.0,479.0,1,0,0,0
2014-03-06,3,4,4490.0,481.0,1,0,0,0
2014-03-07,3,5,5691.0,615.0,1,0,0,0
2014-03-08,3,6,6473.0,686.0,1,0,0,0
2014-03-09,3,7,0.0,0.0,0,0,0,0
2014-03-10,3,1,6690.0,704.0,1,0,0,0
2014-03-11,3,2,6225.0,646.0,1,1,0,0
2014-03-12,3,3,5847.0,620.0,1,1,0,0
2014-03-13,3,4,6029.0,638.0,1,1,0,0
2014-03-14,3,5,7659.0,812.0,1,1,0,0
2014-03-15,3,6,6871.0,744.0,1,0,0,0
2014-03-16,3,7,0.0,0.0,0,0,0,0
2014-03-17,3,1,8562.0,905.0,1,1,0,0
2014-03-18,3,2,4866.0,525.0,1,0,0,0
2014-03-19,3,3,4528.0,466.0,1,0,0,0
2014-03-20,3,4,4316.0,445.0,1,0,0,0
2014-03-21,3,5,5381.0,563.0,1,0,0,0
2014-03-22,3,6,5914.0,617.0,1,0,0,0
2014-03-23,3,7,0.0,0.0,0,0,0,0
2014-03-24,3,1,7826.0,821.0,1,0,0,0
2014-03-25,3,2,6794.0,729.0,1,1,0,0
2014-03-26,3,3,6207.0,666.0,1,1,0,0
2014-03-27,3,4,5850.0,622.0,1,1,0,0
2014-03-28,3,5,7614.0,798.0,1,1,0,0
2014-03-29,3,6,6860.0,727.0,1,0,0,0
2014-03-30,3,7,0.0,0.0,0,0,0,0
2014-03-31,3,1,8916.0,930.0,1,1,0,0
2014-04-01,3,2,5085.0,538.0,1,0,0,0
2014-04-02,3,3,4358.0,464.0,1,0,0,0
2014-04-03,3,4,4473.0,473.0,1,0,0,0
2014-04-04,3,5,5267.0,567.0,1,0,0,0
2014-04-05,3,6,6309.0,674.0,1,0,0,0
2014-04-06,3,7,0.0,0.0,0,0,0,0
2014-04-07,3,1,7249.0,764.0,1,0,0,0
2014-04-08,3,2,6553.0,683.0,1,1,0,0
2014-04-09,3,3,6255.0,663.0,1,1,0,0
2014-04-10,3,4,5661.0,589.0,1,1,0,0
2014-04-11,3,5,7189.0,764.0,1,1,0,0
2014-04-12,3,6,6352.0,672.0,1,0,0,0
2014-04-13,3,7,0.0,0.0,0,0,0,0
2014-04-14,3,1,8746.0,919.0,1,1,0,0
2014-04-15,3,2,5239.0,540.0,1,0,0,0
2014-04-16,3,3,4190.0,455.0,1,0,0,0
2014-04-17,3,4,4264.0,447.0,1,0,0,0
2014-04-18,3,5,4838.0,520.0,1,0,0,0
2014-04-19,3,6,6192.0,655.0,1,0,0,0
2014-04-20,3,7,0.0,0.0,0,0,0,0
2014-04-21,3,1,5793.0,624.0,1,0,0,0
2014-04-22,3,2,5012.0,530.0,1,1,0,0
2014-04-23,3,3,5453.0,585.0,1,1,0,0
2014-04-24,3,4,4985.0,513.0,1,1,0,0
2014-04-25,3,5,6396.0,680.0,1,1,0,0
2014-04-26,3,6,5723.0,600.0,1,0,0,0
2014-04-27,3,7,0.0,0.0,0,0,0,0
2014-04-28,3,1,7408.0,780.0,1,1,0,0
2014-04-29,3,2,4611.0,488.0,1,0,0,0
2014-04-30,3,3,4246.0,460.0,1,0,0,0
2014-05-01,3,4,4441.0,453.0,1,0,0,0
2014-05-02,3,5,5325.0,561.0,1,0,0,0
2014-05-03,3,6,6136.0,640.0,1,0,0,0
2014-05-04,3,7,0.0,0.0,0,0,0,0
2014-05-05,3,1,6668.0,699.0,1,0,0,0
2014-05-06,3,2,6814.0,721.0,1,1,0,0
2014-05-07,3,3,6170.0,646.0,1,1,0,0
2014-05-08,3,4,5924.0,629.0,1,1,0,0
2014-05-09,3,5,6894.0,734.0,1,1,0,0
2014-05-10,3,6,5939.0,622.0,1,0,0,0
2014-05-11,3,7,0.0,0.0,0,0,0,0
2014-05-12,3,1,8224.0,854.0,1,1,0,0
2014-05-13,3,2,4481.0,474.0,1,0,0,0
2014-05-14,3,3,4165.0,445.0,1,0,0,0
2014-05-15,3,4,4027.0,419.0,1,0,0,0
2014-05-16,3,5,7334.0,781.0,1,0,0,0
2014-05-17,3,6,7200.0,741.0,1,0,0,0
2014-05-18,3,7,0.0,0.0,0,0,0,0
2014-05-19,3,1,8615.0,896.0,1,0,0,0
2014-05-20,3,2,7413.0,776.0,1,1,0,0
2014-05-21,3,3,6640.0,699.0,1,1,0,0
2014-05-22,3,4,6812.0,716.0,1,1,0,0
2014-05-23,3,5,9260.0,974.0,1,1,0,0
2014-05-24,3,6,7797.0,827.0,1,0,0,0
2014-05-25,3,7,0.0,0.0,0,0,0,0
2014-05-26,3,1,10606.0,1106.0,1,1,0,0
2014-05-27,3,2,6612.0,686.0,1,0,0,0
2014-05-28,3,3,5808.0,628.0,1,0,0,0
2014-05-29,3,4,4914.0,498.0,1,0,0,0
2014-05-30,3,5,6806.0,715.0,1,0,0,0
2014-05-31,3,6,7703.0,823.0,1,0,0,0
2014-06-01,3,7,0.0,0.0,0,0,0,0
2014-06-02,3,1,8670.0,906.0,1,0,0,0
2014-06-03,3,2,7735.0,814.0,1,1,0,0
2014-06-04,3,3,6881.0,731.0,1,1,0,0
2014-06-05,3,4,7332.0,781.0,1,1,0,0
2014-06-06,3,5,9536.0,997.0,1,1,0,0
2014-06-07,3,6,7396.0,785.0,1,0,0,0
2014-06-08,3,7,0.0,0.0,0,0,0,0
2014-06-09,3,1,10959.0,1162.0,1,1,0,0
2014-06-10,3,2,6051.0,648.0,1,0,0,0
2014-06-11,3,3,5090.0,533.0,1,0,0,0
2014-06-12,3,4,5076.0,523.0,1,0,0,0
2014-06-13,3,5,6298.0,666.0,1,0,0,0
2014-06-14,3,6,7282.0,781.0,1,0,0,0
2014-06-15,3,7,0.0,0.0,0,0,0,0
2014-06-16,3,1,7687.0,811.0,1,0,0,0
2014-06-17,3,2,7011.0,757.0,1,1,0,0
2014-06-18,3,3,6675.0,694.0,1,1,0,0
2014-06-19,3,4,6251.0,665.0,1,1,0,0
2014-06-20,3,5,7711.0,807.0,1,1,0,0
2014-06-21,3,6,7050.0,743.0,1,0,0,0
2014-06-22,3,7,0.0,0.0,0,0,0,0
2014-06-23,3,1,10663.0,1135.0,1,1,0,0
2014-06-24,3,2,5973.0,621.0,1,0,0,0
2014-06-25,3,3,5583.0,583.0,1,0,0,0
2014-06-26,3,4,5488.0,565.0,1,0,0,0
2014-06-27,3,5,7036.0,745.0,1,0,0,0
2014-06-28,3,6,8067.0,845.0,1,0,0,0
2014-06-29,3,7,0.0,0.0,0,0,0,0
2014-06-30,3,1,9459.0,987.0,1,0,0,0
2014-07-01,3,2,8269.0,868.0,1,1,0,1
2014-07-02,3,3,7135.0,759.0,1,1,0,1
2014-07-03,3,4,7146.0,751.0,1,1,0,1
2014-07-04,3,5,8784.0,930.0,1,1,0,1
2014-07-05,3,6,7689.0,814.0,1,0,0,1
2014-07-06,3,7,0.0,0.0,0,0,0,1
2014-07-07,3,1,8578.0,890.0,1,1,0,1
2014-07-08,3,2,5238.0,559.0,1,0,0,1
2014-07-09,3,3,5132.0,542.0,1,0,0,1
2014-07-10,3,4,5246.0,560.0,1,0,0,1
2014-07-11,3,5,5920.0,607.0,1,0,0,1
2014-07-12,3,6,7317.0,757.0,1,0,0,1
2014-07-13,3,7,0.0,0.0,0,0,0,1
2014-07-14,3,1,7781.0,812.0,1,0,0,1
2014-07-15,3,2,7310.0,778.0,1,1,0,1
2014-07-16,3,3,6324.0,670.0,1,1,0,1
2014-07-17,3,4,5996.0,631.0,1,1,0,1
2014-07-18,3,5,6572.0,693.0,1,1,0,1
2014-07-19,3,6,5898.0,627.0,1,0,0,1
2014-07-20,3,7,0.0,0.0,0,0,0,1
2014-07-21,3,1,8399.0,887.0,1,1,0,1
2014-07-22,3,2,5025.0,530.0,1,0,0,1
2014-07-23,3,3,4986.0,507.0,1,0,0,1
2014-07-24,3,4,4972.0,520.0,1,0,0,1
2014-07-25,3,5,5870.0,629.0,1,0,0,1
2014-07-26,3,6,6932.0,727.0,1,0,0,1
2014-07-27,3,7,0.0,0.0,0,0,0,1
2014-07-28,3,1,7605.0,796.0,1,0,0,1
2014-07-29,3,2,7093.0,743.0,1,1,0,1
2014-07-30,3,3,6073.0,648.0,1,1,0,1
2014-07-31,3,4,5987.0,628.0,1,1,0,1
2014-08-01,3,5,7442.0,775.0,1,1,0,1
2014-08-02,3,6,6639.0,674.0,1,0,0,1
2014-08-03,3,7,0.0,0.0,0,0,0,1
2014-08-04,3,1,10465.0,1086.0,1,1,0,1
2014-08-05,3,2,5677.0,583.0,1,0,0,1
2014-08-06,3,3,5003.0,533.0,1,0,0,1
2014-08-07,3,4,4234.0,451.0,1,0,0,1
2014-08-08,3,5,5362.0,549.0,1,0,0,1
2014-08-09,3,6,6165.0,656.0,1,0,0,1
2014-08-10,3,7,0.0,0.0,0,0,0,1
2014-08-11,3,1,6453.0,673.0,1,0,0,1
2014-08-12,3,2,6399.0,679.0,1,1,0,1
2014-08-13,3,3,5680.0,585.0,1,1,0,1
2014-08-14,3,4,5545.0,574.0,1,1,0,1
2014-08-15,3,5,6577.0,681.0,1,1,0,1
2014-08-16,3,6,6452.0,670.0,1,0,0,1
2014-08-17,3,7,0.0,0.0,0,0,0,1
2014-08-18,3,1,8263.0,859.0,1,1,0,1
2014-08-19,3,2,5452.0,565.0,1,0,0,1
2014-08-20,3,3,4938.0,512.0,1,0,0,1
2014-08-21,3,4,4894.0,517.0,1,0,0,1
2014-08-22,3,5,5886.0,617.0,1,0,0,1
2014-08-23,3,6,6269.0,667.0,1,0,0,1
2014-08-24,3,7,0.0,0.0,0,0,0,1
2014-08-25,3,1,7092.0,736.0,1,0,0,1
2014-08-26,3,2,6162.0,645.0,1,1,0,1
2014-08-27,3,3,5865.0,618.0,1,1,0,1
2014-08-28,3,4,6179.0,643.0,1,1,0,1
2014-08-29,3,5,7927.0,837.0,1,1,0,1
2014-08-30,3,6,6389.0,687.0,1,0,0,1
2014-08-31,3,7,0.0,0.0,0,0,0,1
2014-09-01,3,1,7678.0,809.0,1,1,0,0
2014-09-02,3,2,4921.0,529.0,1,0,0,0
2014-09-03,3,3,4722.0,492.0,1,0,0,0
2014-09-04,3,4,4782.0,497.0,1,0,0,0
2014-09-05,3,5,5527.0,573.0,1,0,0,0
2014-09-06,3,6,5958.0,630.0,1,0,0,0
2014-09-07,3,7,0.0,0.0,0,0,0,0
2014-09-08,3,1,6778.0,712.0,1,0,0,0
2014-09-09,3,2,5998.0,632.0,1,1,0,0
2014-09-10,3,3,5665.0,606.0,1,1,0,0
2014-09-11,3,4,5814.0,619.0,1,1,0,0
2014-09-12,3,5,7235.0,750.0,1,1,0,0
2014-09-13,3,6,6134.0,645.0,1,0,0,0
2014-09-14,3,7,0.0,0.0,0,0,0,0
2014-09-15,3,1,7748.0,821.0,1,1,0,0
2014-09-16,3,2,4666.0,489.0,1,0,0,0
2014-09-17,3,3,4311.0,448.0,1,0,0,0
2014-09-18,3,4,4193.0,438.0,1,0,0,0
2014-09-19,3,5,5065.0,519.0,1,0,0,0
2014-09-20,3,6,6261.0,659.0,1,0,0,0
2014-09-21,3,7,0.0,0.0,0,0,0,0
2014-09-22,3,1,6881.0,728.0,1,0,0,0
2014-09-23,3,2,6009.0,624.0,1,1,0,0
2014-09-24,3,3,5404.0,565.0,1,1,0,0
2014-09-25,3,4,5466.0,567.0,1,1,0,0
2014-09-26,3,5,6424.0,667.0,1,1,0,0
2014-09-27,3,6,5531.0,588.0,1,0,0,0
2014-09-28,3,7,0.0,0.0,0,0,0,0
2014-09-29,3,1,8684.0,917.0,1,1,0,0
2014-09-30,3,2,5043.0,522.0,1,0,0,0
2014-10-01,3,3,5001.0,527.0,1,0,0,0
2014-10-02,3,4,4737.0,485.0,1,0,0,0
2014-10-03,3,5,5653.0,591.0,1,0,0,0
2014-10-04,3,6,5962.0,623.0,1,0,0,0
2014-10-05,3,7,0.0,0.0,0,0,0,0
2014-10-06,3,1,7093.0,748.0,1,0,0,0
2014-10-07,3,2,6621.0,695.0,1,1,0,0
2014-10-08,3,3,6250.0,664.0,1,1,0,0
2014-10-09,3,4,6223.0,656.0,1,1,0,0
2014-10-10,3,5,7483.0,792.0,1,1,0,0
2014-10-11,3,6,6592.0,700.0,1,0,0,0
2014-10-12,3,7,0.0,0.0,0,0,0,0
2014-10-13,3,1,9305.0,977.0,1,1,0,0
2014-10-14,3,2,5375.0,568.0,1,0,0,0
2014-10-15,3,3,4966.0,519.0,1,0,0,0
2014-10-16,3,4,4794.0,507.0,1,0,0,0
2014-10-17,3,5,5565.0,594.0,1,0,0,0
2014-10-18,3,6,6315.0,671.0,1,0,0,0
2014-10-19,3,7,0.0,0.0,0,0,0,0
2014-10-20,3,1,7035.0,730.0,1,0,0,0
2014-10-21,3,2,5707.0,600.0,1,1,0,0
2014-10-22,3,3,5360.0,563.0,1,1,0,0
2014-10-23,3,4,6185.0,660.0,1,1,0,0
2014-10-24,3,5,7335.0,769.0,1,1,0,0
2014-10-25,3,6,6174.0,648.0,1,0,0,0
2014-10-26,3,7,0.0,0.0,0,0,0,0
2014-10-27,3,1,9341.0,979.0,1,1,0,0
2014-10-28,3,2,5228.0,549.0,1,0,0,0
2014-10-29,3,3,4923.0,532.0,1,0,0,0
2014-10-30,3,4,4768.0,513.0,1,0,0,0
2014-10-31,3,5,5690.0,604.0,1,0,0,0
2014-11-01,3,6,7707.0,813.0,1,0,0,0
2014-11-02,3,7,0.0,0.0,0,0,0,0
2014-11-03,3,1,7492.0,793.0,1,0,0,0
2014-11-04,3,2,6622.0,697.0,1,1,0,0
2014-11-05,3,3,6178.0,652.0,1,1,0,0
2014-11-06,3,4,6124.0,640.0,1,1,0,0
2014-11-07,3,5,7775.0,818.0,1,1,0,0
2014-11-08,3,6,6958.0,731.0,1,0,0,0
2014-11-09,3,7,0.0,0.0,0,0,0,0
2014-11-10,3,1,9060.0,965.0,1,1,0,0
2014-11-11,3,2,5099.0,539.0,1,0,0,0
2014-11-12,3,3,4625.0,473.0,1,0,0,0
2014-11-13,3,4,4170.0,431.0,1,0,0,0
2014-11-14,3,5,5138.0,528.0,1,0,0,0
2014-11-15,3,6,5857.0,610.0,1,0,0,0
2014-11-16,3,7,0.0,0.0,0,0,0,0
2014-11-17,3,1,6172.0,653.0,1,0,0,0
2014-11-18,3,2,6010.0,627.0,1,1,0,0
2014-11-19,3,3,5737.0,606.0,1,1,0,0
2014-11-20,3,4,5341.0,556.0,1,1,0,0
2014-11-21,3,5,6566.0,679.0,1,1,0,0
2014-11-22,3,6,5853.0,604.0,1,0,0,0
2014-11-23,3,7,0.0,0.0,0,0,0,0
2014-11-24,3,1,7665.0,818.0,1,1,0,0
2014-11-25,3,2,4563.0,469.0,1,0,0,0
2014-11-26,3,3,3931.0,423.0,1,0,0,0
2014-11-27,3,4,4005.0,432.0,1,0,0,0
2014-11-28,3,5,5510.0,578.0,1,0,0,0
2014-11-29,3,6,6237.0,656.0,1,0,0,0
2014-11-30,3,7,0.0,0.0,0,0,0,0
2014-12-01,3,1,6760.0,711.0,1,0,0,0
2014-12-02,3,2,7178.0,760.0,1,1,0,0
2014-12-03,3,3,6819.0,717.0,1,1,0,0
2014-12-04,3,4,6906.0,735.0,1,1,0,0
2014-12-05,3,5,7666.0,816.0,1,1,0,0
2014-12-06,3,6,6502.0,687.0,1,0,0,0
2014-12-07,3,7,0.0,0.0,0,0,0,0
2014-12-08,3,1,9533.0,1003.0,1,1,0,0
2014-12-09,3,2,5381.0,569.0,1,0,0,0
2014-12-10,3,3,5053.0,523.0,1,0,0,0
2014-12-11,3,4,4581.0,485.0,1,0,0,0
2014-12-12,3,5,6039.0,637.0,1,0,0,0
2014-12-13,3,6,6973.0,727.0,1,0,0,0
2014-12-14,3,7,0.0,0.0,0,0,0,0
2014-12-15,3,1,7428.0,774.0,1,0,0,0
2014-12-16,3,2,7119.0,742.0,1,1,0,0
2014-12-17,3,3,6249.0,660.0,1,1,0,0
2014-12-18,3,4,6518.0,670.0,1,1,0,0
2014-12-19,3,5,8473.0,885.0,1,1,0,0
2014-12-20,3,6,7875.0,816.0,1,0,0,1
2014-12-21,3,7,0.0,0.0,0,0,0,1
2014-12-22,3,1,10853.0,1141.0,1,1,0,1
2014-12-23,3,2,5173.0,547.0,1,0,0,1
2014-12-24,3,3,5114.0,547.0,1,0,0,1
2014-12-25,3,4,0.0,0.0,0,0,a,1
2014-12-26,3,5,6168.0,658.0,1,0,0,1
2014-12-27,3,6,7015.0,743.0,1,0,0,1
2014-12-28,3,7,0.0,0.0,0,0,0,1
2014-12-29,3,1,7035.0,749.0,1,0,0,1
2014-12-30,3,2,6993.0,732.0,1,1,0,1
2014-12-31,3,3,7021.0,734.0,1,1,0,1
2013-01-01,4,2,6155.0,641.0,1,1,0,0
2013-01-02,4,3,5833.0,615.0,1,1,0,0
2013-01-03,4,4,5660.0,598.0,1,1,0,0
2013-01-04,4,5,7147.0,750.0,1,1,0,0
2013-01-05,4,6,6634.0,699.0,1,0,0,0
2013-01-06,4,7,0.0,0.0,0,0,0,0
2013-01-07,4,1,8182.0,872.0,1,1,0,0
2013-01-08,4,2,4382.0,453.0,1,0,0,0
2013-01-09,4,3,4148.0,419.0,1,0,0,0
2013-01-10,4,4,3952.0,408.0,1,0,0,0
2013-01-11,4,5,5400.0,562.0,1,0,0,0
2013-01-12,4,6,6354.0,673.0,1,0,0,0
2013-01-13,4,7,0.0,0.0,0,0,0,0
2013-01-14,4,1,6508.0,687.0,1,0,0,0
2013-01-15,4,2,5615.0,584.0,1,1,0,0
2013-01-16,4,3,5297.0,575.0,1,1,0,0
2013-01-17,4,4,5443.0,577.0,1,1,0,0
2013-01-18,4,5,6832.0,735.0,1,1,0,0
2013-01-19,4,6,5498.0,571.0,1,0,0,0
2013-01-20,4,7,0.0,0.0,0,0,0,0
2013-01-21,4,1,8159.0,851.0,1,1,0,0
2013-01-22,4,2,4817.0,512.0,1,0,0,0
2013-01-23,4,3,4730.0,503.0,1,0,0,0
2013-01-24,4,4,4226.0,432.0,1,0,0,0
2013-01-25,4,5,5430.0,563.0,1,0,0,0
2013-01-26,4,6,6011.0,624.0,1,0,0,0
2013-01-27,4,7,0.0,0.0,0,0,0,0
2013-01-28,4,1,6846.0,715.0,1,0,0,0
2013-01-29,4,2,6551.0,682.0,1,1,0,0
2013-01-30,4,3,5738.0,593.0,1,1,0,0
2013-01-31,4,4,5673.0,598.0,1,1,0,0
2013-02-01,4,5,6512.0,690.0,1,1,0,0
2013-02-02,4,6,5510.0,570.0,1,0,0,0
2013-02-03,4,7,0.0,0.0,0,0,0,0
2013-02-04,4,1,8305.0,874.0,1,1,0,0
2013-02-05,4,2,4360.0,457.0,1,0,0,0
2013-02-06,4,3,3946.0,410.0,1,0,0,0
2013-02-07,4,4,4047.0,433.0,1,0,0,0
2013-02-08,4,5,5645.0,601.0,1,0,0,0
2013-02-09,4,6,6842.0,726.0,1,0,0,0
2013-02-10,4,7,0.0,0.0,0,0,0,0
2013-02-11,4,1,6664.0,717.0,1,0,0,0
2013-02-12,4,2,6191.0,666.0,1,1,0,0
2013-02-13,4,3,5895.0,617.0,1,1,0,0
2013-02-14,4,4,5886.0,619.0,1,1,0,0
2013-02-15,4,5,7375.0,786.0,1,1,0,0
2013-02-16,4,6,6522.0,680.0,1,0,0,0
2013-02-17,4,7,0.0,0.0,0,0,0,0
2013-02-18,4,1,10289.0,1084.0,1,1,0,0
2013-02-19,4,2,5622.0,586.0,1,0,0,0
2013-02-20,4,3,4744.0,498.0,1,0,0,0
2013-02-21,4,4,5153.0,530.0,1,0,0,0
2013-02-22,4,5,5956.0,623.0,1,0,0,0
2013-02-23,4,6,7192.0,741.0,1,0,0,0
2013-02-24,4,7,0.0,0.0,0,0,0,0
2013-02-25,4,1,7558.0,808.0,1,0,0,0
2013-02-26,4,2,6947.0,741.0,1,1,0,0
2013-02-27,4,3,6128.0,648.0,1,1,0,0
2013-02-28,4,4,6116.0,652.0,1,1,0,0
2013-03-01,4,5,7570.0,807.0,1,1,0,0
2013-03-02,4,6,7494.0,797.0,1,0,0,0
2013-03-03,4,7,0.0,0.0,0,0,0,0
2013-03-04,4,1,9840.0,1029.0,1,1,0,0
2013-03-05,4,2,5825.0,617.0,1,0,0,0
2013-03-06,4,3,5082.0,531.0,1,0,0,0
2013-03-07,4,4,4766.0,492.0,1,0,0,0
2013-03-08,4,5,6559.0,681.0,1,0,0,0
2013-03-09,4,6,6944.0,734.0,1,0,0,0
2013-03-10,4,7,0.0,0.0,0,0,0,0
2013-03-11,4,1,7187.0,746.0,1,0,0,0
2013-03-12,4,2,6219.0,669.0,1,1,0,0
2013-03-13,4,3,5066.0,545.0,1,1,0,0
2013-03-14,4,4,5593.0,586.0,1,1,0,0
2013-03-15,4,5,6678.0,699.0,1,1,0,0
2013-03-16,4,6,6009.0,632.0,1,0,0,0
2013-03-17,4,7,0.0,0.0,0,0,0,0
2013-03-18,4,1,8019.0,841.0,1,1,0,0
2013-03-19,4,2,4451.0,460.0,1,0,0,0
2013-03-20,4,3,4329.0,458.0,1,0,0,0
2013-03-21,4,4,5003.0,510.0,1,0,0,0
2013-03-22,4,5,6283.0,663.0,1,0,0,0
2013-03-23,4,6,7331.0,781.0,1,0,0,0
2013-03-24,4,7,0.0,0.0,0,0,0,0
2013-03-25,4,1,7090.0,753.0,1,0,0,0
2013-03-26,4,2,6116.0,648.0,1,1,0,0
2013-03-27,4,3,6012.0,639.0,1,1,0,0
2013-03-28,4,4,5812.0,613.0,1,1,0,0
2013-03-29,4,5,7221.0,753.0,1,1,0,0
2013-03-30,4,6,6532.0,686.0,1,0,0,0
2013-03-31,4,7,0.0,0.0,0,0,0,0
2013-04-01,4,1,8021.0,854.0,1,1,0,0
2013-04-02,4,2,4952.0,534.0,1,0,0,0
2013-04-03,4,3,4228.0,448.0,1,0,0,0
2013-04-04,4,4,3973.0,412.0,1,0,0,0
2013-04-05,4,5,5053.0,526.0,1,0,0,0
2013-04-06,4,6,5785.0,607.0,1,0,0,0
2013-04-07,4,7,0.0,0.0,0,0,0,0
2013-04-08,4,1,7209.0,762.0,1,0,0,0
2013-04-09,4,2,6737.0,709.0,1,1,0,0
2013-04-10,4,3,6207.0,647.0,1,1,0,0
2013-04-11,4,4,6028.0,642.0,1,1,0,0
2013-04-12,4,5,7748.0,818.0,1,1,0,0
2013-04-13,4,6,6190.0,651.0,1,0,0,0
2013-04-14,4,7,0.0,0.0,0,0,0,0
2013-04-15,4,1,8435.0,901.0,1,1,0,0
2013-04-16,4,2,4567.0,479.0,1,0,0,0
2013-04-17,4,3,4358.0,472.0,1,0,0,0
2013-04-18,4,4,4269.0,459.0,1,0,0,0
2013-04-19,4,5,5592.0,589.0,1,0,0,0
2013-04-20,4,6,6896.0,733.0,1,0,0,0
2013-04-21,4,7,0.0,0.0,0,0,0,0
2013-04-22,4,1,6581.0,686.0,1,0,0,0
2013-04-23,4,2,6966.0,731.0,1,1,0,0
2013-04-24,4,3,6573.0,685.0,1,1,0,0
2013-04-25,4,4,6747.0,714.0,1,1,0,0
2013-04-26,4,5,8031.0,845.0,1,1,0,0
2013-04-27,4,6,6513.0,690.0,1,0,0,0
2013-04-28,4,7,0.0,0.0,0,0,0,0
2013-04-29,4,1,8924.0,914.0,1,1,0,0
2013-04-30,4,2,5403.0,571.0,1,0,0,0
2013-05-01,4,3,4678.0,478.0,1,0,0,0
2013-05-02,4,4,4506.0,476.0,1,0,0,0
2013-05-03,4,5,5669.0,590.0,1,0,0,0
2013-05-04,4,6,5858.0,617.0,1,0,0,0
2013-05-05,4,7,0.0,0.0,0,0,0,0
2013-05-06,4,1,7245.0,749.0,1,0,0,0
2013-05-07,4,2,7445.0,785.0,1,1,0,0
2013-05-08,4,3,6518.0,685.0,1,1,0,0
2013-05-09,4,4,6808.0,701.0,1,1,0,0
2013-05-10,4,5,7793.0,825.0,1,1,0,0
2013-05-11,4,6,6575.0,692.0,1,0,0,0
2013-05-12,4,7,0.0,0.0,0,0,0,0
2013-05-13,4,1,8624.0,902.0,1,1,0,0
2013-05-14,4,2,4864.0,538.0,1,0,0,0
2013-05-15,4,3,5137.0,538.0,1,0,0,0
2013-05-16,4,4,4955.0,507.0,1,0,0,0
2013-05-17,4,5,6003.0,624.0,1,0,0,0
2013-05-18,4,6,6084.0,637.0,1,0,0,0
2013-05-19,4,7,0.0,0.0,0,0,0,0
2013-05-20,4,1,7018.0,738.0,1,0,0,0
2013-05-21,4,2,6385.0,664.0,1,1,0,0
2013-05-22,4,3,5099.0,541.0,1,1,0,0
2013-05-23,4,4,5497.0,575.0,1,1,0,0
2013-05-24,4,5,7240.0,751.0,1,1,0,0
2013-05-25,4,6,6268.0,653.0,1,0,0,0
2013-05-26,4,7,0.0,0.0,0,0,0,0
2013-05-27,4,1,8871.0,941.0,1,1,0,0
2013-05-28,4,2,5318.0,564.0,1,0,0,0
2013-05-29,4,3,4799.0,502.0,1,0,0,0
2013-05-30,4,4,5051.0,532.0,1,0,0,0
2013-05-31,4,5,5913.0,624.0,1,0,0,0
2013-06-01,4,6,6420.0,692.0,1,0,0,0
2013-06-02,4,7,0.0,0.0,0,0,0,0
2013-06-03,4,1,5724.0,606.0,1,0,0,0
2013-06-04,4,2,5276.0,561.0,1,1,0,0
2013-06-05,4,3,5425.0,563.0,1,1,0,0
2013-06-06,4,4,5462.0,576.0,1,1,0,0
2013-06-07,4,5,6437.0,679.0,1,1,0,0
2013-06-08,4,6,6062.0,634.0,1,0,0,0
2013-06-09,4,7,0.0,0.0,0,0,0,0
2013-06-10,4,1,7566.0,805.0,1,1,0,0
2013-06-11,4,2,4631.0,497.0,1,0,0,0
2013-06-12,4,3,4478.0,470.0,1,0,0,0
2013-06-13,4,4,4164.0,440.0,1,0,0,0
2013-06-14,4,5,5466.0,594.0,1,0,0,0
2013-06-15,4,6,6893.0,717.0,1,0,0,0
2013-06-16,4,7,0.0,0.0,0,0,0,0
2013-06-17,4,1,7176.0,762.0,1,0,0,0
2013-06-18,4,2,5909.0,623.0,1,1,0,0
2013-06-19,4,3,4824.0,513.0,1,1,0,0
2013-06-20,4,4,5115.0,540.0,1,1,0,0
2013-06-21,4,5,6425.0,682.0,1,1,0,0
2013-06-22,4,6,5950.0,637.0,1,0,0,0
2013-06-23,4,7,0.0,0.0,0,0,0,0
2013-06-24,4,1,7873.0,830.0,1,1,0,0
2013-06-25,4,2,4789.0,504.0,1,0,0,0
2013-06-26,4,3,4793.0,501.0,1,0,0,0
2013-06-27,4,4,4485.0,472.0,1,0,0,0
2013-06-28,4,5,4924.0,509.0,1,0,0,0
2013-06-29,4,6,6185.0,657.0,1,0,0,0
2013-06-30,4,7,0.0,0.0,0,0,0,0
2013-07-01,4,1,6950.0,745.0,1,0,0,1
2013-07-02,4,2,6322.0,676.0,1,1,0,1
2013-07-03,4,3,6399.0,666.0,1,1,0,1
2013-07-04,4,4,5976.0,641.0,1,1,0,1
2013-07-05,4,5,7287.0,761.0,1,1,0,1
2013-07-06,4,6,5747.0,605.0,1,0,0,1
2013-07-07,4,7,0.0,0.0,0,0,0,1
2013-07-08,4,1,7447.0,775.0,1,1,0,1
2013-07-09,4,2,4349.0,465.0,1,0,0,1
2013-07-10,4,3,4130.0,437.0,1,0,0,1
2013-07-11,4,4,3872.0,406.0,1,0,0,1
2013-07-12,4,5,5350.0,556.0,1,0,0,1
2013-07-13,4,6,5682.0,601.0,1,0,0,1
2013-07-14,4,7,0.0,0.0,0,0,0,1
2013-07-15,4,1,6154.0,656.0,1,0,0,1
2013-07-16,4,2,5280.0,566.0,1,1,0,1
2013-07-17,4,3,5133.0,529.0,1,1,0,1
2013-07-18,4,4,5230.0,546.0,1,1,0,1
2013-07-19,4,5,6290.0,660.0,1,1,0,1
2013-07-20,4,6,6323.0,656.0,1,0,0,1
2013-07-21,4,7,0.0,0.0,0,0,0,1
2013-07-22,4,1,8376.0,882.0,1,1,0,1
2013-07-23,4,2,4442.0,466.0,1,0,0,1
2013-07-24,4,3,3675.0,374.0,1,0,0,1
2013-07-25,4,4,3559.0,370.0,1,0,0,1
2013-07-26,4,5,4443.0,472.0,1,0,0,1
2013-07-27,4,6,5113.0,529.0,1,0,0,1
2013-07-28,4,7,0.0,0.0,0,0,0,1
2013-07-29,4,1,5146.0,554.0,1,0,0,1
2013-07-30,4,2,4632.0,498.0,1,1,0,1
2013-07-31,4,3,3961.0,404.0,1,1,0,1
2013-08-01,4,4,4588.0,472.0,1,1,0,1
2013-08-02,4,5,5592.0,592.0,1,1,0,1
2013-08-03,4,6,5041.0,521.0,1,0,0,1
2013-08-04,4,7,0.0,0.0,0,0,0,1
2013-08-05,4,1,7313.0,766.0,1,1,0,1
2013-08-06,4,2,4126.0,439.0,1,0,0,1
2013-08-07,4,3,3886.0,389.0,1,0,0,1
2013-08-08,4,4,3362.0,336.0,1,0,0,1
2013-08-09,4,5,4649.0,480.0,1,0,0,1
2013-08-10,4,6,5508.0,588.0,1,0,0,1
2013-08-11,4,7,0.0,0.0,0,0,0,1
2013-08-12,4,1,6478.0,668.0,1,0,0,1
2013-08-13,4,2,5755.0,610.0,1,1,0,1
2013-08-14,4,3,5135.0,546.0,1,1,0,1
2013-08-15,4,4,5168.0,542.0,1,1,0,1
2013-08-16,4,5,6396.0,671.0,1,1,0,1
2013-08-17,4,6,5600.0,593.0,1,0,0,1
2013-08-18,4,7,0.0,0.0,0,0,0,1
2013-08-19,4,1,7341.0,774.0,1,1,0,1
2013-08-20,4,2,4386.0,466.0,1,0,0,1
2013-08-21,4,3,4185.0,440.0,1,0,0,1
2013-08-22,4,4,3997.0,418.0,1,0,0,1
2013-08-23,4,5,5349.0,556.0,1,0,0,1
2013-08-24,4,6,5436.0,574.0,1,0,0,1
2013-08-25,4,7,0.0,0.0,0,0,0,1
2013-08-26,4,1,6342.0,666.0,1,0,0,1
2013-08-27,4,2,5566.0,593.0,1,1,0,1
2013-08-28,4,3,4581.0,486.0,1,1,0,1
2013-08-29,4,4,4945.0,527.0,1,1,0,1
2013-08-30,4,5,6207.0,641.0,1,1,0,1
2013-08-31,4,6,5160.0,548.0,1,0,0,1
2013-09-01,4,7,0.0,0.0,0,0,0,0
2013-09-02,4,1,6979.0,728.0,1,1,0,0
2013-09-03,4,2,3722.0,385.0,1,0,0,0
2013-09-04,4,3,3497.0,378.0,1,0,0,0
2013-09-05,4,4,3404.0,365.0,1,0,0,0
2013-09-06,4,5,4019.0,417.0,1,0,0,0
2013-09-07,4,6,4705.0,486.0,1,0,0,0
2013-09-08,4,7,0.0,0.0,0,0,0,0
2013-09-09,4,1,5183.0,542.0,1,0,0,0
2013-09-10,4,2,4918.0,531.0,1,1,0,0
2013-09-11,4,3,4805.0,494.0,1,1,0,0
2013-09-12,4,4,4571.0,467.0,1,1,0,0
2013-09-13,4,5,5232.0,549.0,1,1,0,0
2013-09-14,4,6,4490.0,473.0,1,0,0,0
2013-09-15,4,7,0.0,0.0,0,0,0,0
2013-09-16,4,1,7256.0,770.0,1,1,0,0
2013-09-17,4,2,4344.0,474.0,1,0,0,0
2013-09-18,4,3,3778.0,395.0,1,0,0,0
2013-09-19,4,4,3889.0,405.0,1,0,0,0
2013-09-20,4,5,4412.0,450.0,1,0,0,0
2013-09-21,4,6,5425.0,573.0,1,0,0,0
2013-09-22,4,7,0.0,0.0,0,0,0,0
2013-09-23,4,1,5917.0,621.0,1,0,0,0
2013-09-24,4,2,5576.0,596.0,1,1,0,0
2013-09-25,4,3,4934.0,520.0,1,1,0,0
2013-09-26,4,4,4863.0,524.0,1,1,0,0
2013-09-27,4,5,5566.0,589.0,1,1,0,0
2013-09-28,4,6,5071.0,525.0,1,0,0,0
2013-09-29,4,7,0.0,0.0,0,0,0,0
2013-09-30,4,1,9075.0,943.0,1,1,0,0
2013-10-01,4,2,5034.0,516.0,1,0,0,0
2013-10-02,4,3,4377.0,463.0,1,0,0,0
2013-10-03,4,4,3881.0,415.0,1,0,0,0
2013-10-04,4,5,4984.0,540.0,1,0,0,0
2013-10-05,4,6,5081.0,534.0,1,0,0,0
2013-10-06,4,7,0.0,0.0,0,0,0,0
2013-10-07,4,1,5505.0,571.0,1,0,0,0
2013-10-08,4,2,4760.0,509.0,1,1,0,0
2013-10-09,4,3,4914.0,520.0,1,1,0,0
2013-10-10,4,4,5059.0,528.0,1,1,0,0
2013-10-11,4,5,5905.0,627.0,1,1,0,0
2013-10-12,4,6,5147.0,546.0,1,0,0,0
2013-10-13,4,7,0.0,0.0,0,0,0,0
2013-10-14,4,1,6166.0,655.0,1,1,0,0
2013-10-15,4,2,3813.0,402.0,1,0,0,0
2013-10-16,4,3,3716.0,388.0,1,0,0,0
2013-10-17,4,4,3726.0,389.0,1,0,0,0
2013-10-18,4,5,4652.0,504.0,1,0,0,0
2013-10-19,4,6,5153.0,555.0,1,0,0,0
2013-10-20,4,7,0.0,0.0,0,0,0,0
2013-10-21,4,1,5232.0,542.0,1,0,0,0
2013-10-22,4,2,4962.0,517.0,1,1,0,0
2013-10-23,4,3,5042.0,538.0,1,1,0,0
2013-10-24,4,4,5226.0,540.0,1,1,0,0
2013-10-25,4,5,6100.0,636.0,1,1,0,0
2013-10-26,4,6,5353.0,549.0,1,0,0,0
2013-10-27,4,7,0.0,0.0,0,0,0,0
2013-10-28,4,1,8468.0,900.0,1,1,0,0
2013-10-29,4,2,4286.0,455.0,1,0,0,0
2013-10-30,4,3,3804.0,402.0,1,0,0,0
2013-10-31,4,4,3776.0,394.0,1,0,0,0
2013-11-01,4,5,4969.0,520.0,1,0,0,0
2013-11-02,4,6,5344.0,567.0,1,0,0,0
2013-11-03,4,7,0.0,0.0,0,0,0,0
2013-11-04,4,1,5827.0,623.0,1,0,0,0
2013-11-05,4,2,6102.0,638.0,1,1,0,0
2013-11-06,4,3,5509.0,573.0,1,1,0,0
2013-11-07,4,4,5172.0,555.0,1,1,0,0
2013-11-08,4,5,6125.0,644.0,1,1,0,0
2013-11-09,4,6,5826.0,618.0,1,0,0,0
2013-11-10,4,7,0.0,0.0,0,0,0,0
2013-11-11,4,1,7440.0,765.0,1,1,0,0
2013-11-12,4,2,4311.0,458.0,1,0,0,0
2013-11-13,4,3,3635.0,372.0,1,0,0,0
2013-11-14,4,4,3466.0,373.0,1,0,0,0
2013-11-15,4,5,4052.0,414.0,1,0,0,0
2013-11-16,4,6,4479.0,457.0,1,0,0,0
2013-11-17,4,7,0.0,0.0,0,0,0,0
2013-11-18,4,1,4883.0,517.0,1,0,0,0
2013-11-19,4,2,4960.0,523.0,1,1,0,0
2013-11-20,4,3,4916.0,508.0,1,1,0,0
2013-11-21,4,4,4768.0,509.0,1,1,0,0
2013-11-22,4,5,5540.0,571.0,1,1,0,0
2013-11-23,4,6,5419.0,567.0,1,0,0,0
2013-11-24,4,7,0.0,0.0,0,0,0,0
2013-11-25,4,1,6051.0,634.0,1,1,0,0
2013-11-26,4,2,3913.0,419.0,1,0,0,0
2013-11-27,4,3,3860.0,401.0,1,0,0,0
2013-11-28,4,4,4035.0,429.0,1,0,0,0
2013-11-29,4,5,4871.0,518.0,1,0,0,0
2013-11-30,4,6,5191.0,533.0,1,0,0,0
2013-12-01,4,7,0.0,0.0,0,0,0,0
2013-12-02,4,1,5910.0,619.0,1,0,0,0
2013-12-03,4,2,5254.0,548.0,1,1,0,0
2013-12-04,4,3,4706.0,498.0,1,1,0,0
2013-12-05,4,4,4326.0,440.0,1,1,0,0
2013-12-06,4,5,5180.0,551.0,1,1,0,0
2013-12-07,4,6,5255.0,559.0,1,0,0,0
2013-12-08,4,7,0.0,0.0,0,0,0,0
2013-12-09,4,1,7130.0,739.0,1,1,0,0
2013-12-10,4,2,3921.0,413.0,1,0,0,0
2013-12-11,4,3,3615.0,376.0,1,0,0,0
2013-12-12,4,4,3806.0,405.0,1,0,0,0
2013-12-13,4,5,4440.0,467.0,1,0,0,0
2013-12-14,4,6,5240.0,557.0,1,0,0,0
2013-12-15,4,7,0.0,0.0,0,0,0,0
2013-12-16,4,1,4961.0,534.0,1,0,0,0
2013-12-17,4,2,5074.0,516.0,1,1,0,0
2013-12-18,4,3,5117.0,531.0,1,1,0,0
2013-12-19,4,4,4710.0,500.0,1,1,0,0
2013-12-20,4,5,5699.0,588.0,1,1,0,1
2013-12-21,4,6,5626.0,598.0,1,0,0,1
2013-12-22,4,7,0.0,0.0,0,0,0,1
2013-12-23,4,1,7500.0,790.0,1,1,0,1
2013-12-24,4,2,4525.0,469.0,1,0,0,1
2013-12-25,4,3,0.0,0.0,0,0,a,1
2013-12-26,4,4,4395.0,464.0,1,0,0,1
2013-12-27,4,5,5561.0,585.0,1,0,0,1
2013-12-28,4,6,6055.0,634.0,1,0,0,1
2013-12-29,4,7,0.0,0.0,0,0,0,1
2013-12-30,4,1,6425.0,676.0,1,0,0,1
2013-12-31,4,2,5471.0,568.0,1,1,0,1
2014-01-01,4,3,4840.0,517.0,1,1,0,0
2014-01-02,4,4,5210.0,555.0,1,1,0,0
2014-01-03,4,5,5870.0,628.0,1,1,0,0
2014-01-04,4,6,5862.0,631.0,1,0,0,0
2014-01-05,4,7,0.0,0.0,0,0,0,0
2014-01-06,4,1,8185.0,870.0,1,1,0,0
2014-01-07,4,2,4850.0,520.0,1,0,0,0
2014-01-08,4,3,4538.0,478.0,1,0,0,0
2014-01-09,4,4,4680.0,495.0,1,0,0,0
2014-01-10,4,5,5497.0,555.0,1,0,0,0
2014-01-11,4,6,6171.0,645.0,1,0,0,0
2014-01-12,4,7,0.0,0.0,0,0,0,0
2014-01-13,4,1,7283.0,752.0,1,0,0,0
2014-01-14,4,2,6873.0,719.0,1,1,0,0
2014-01-15,4,3,5795.0,612.0,1,1,0,0
2014-01-16,4,4,5507.0,584.0,1,1,0,0
2014-01-17,4,5,6510.0,698.0,1,1,0,0
2014-01-18,4,6,5981.0,615.0,1,0,0,0
2014-01-19,4,7,0.0,0.0,0,0,0,0
2014-01-20,4,1,9548.0,1012.0,1,1,0,0
2014-01-21,4,2,4778.0,492.0,1,0,0,0
2014-01-22,4,3,4673.0,492.0,1,0,0,0
2014-01-23,4,4,4621.0,501.0,1,0,0,0
2014-01-24,4,5,5392.0,578.0,1,0,0,0
2014-01-25,4,6,6162.0,653.0,1,0,0,0
2014-01-26,4,7,0.0,0.0,0,0,0,0
2014-01-27,4,1,6603.0,694.0,1,0,0,0
2014-01-28,4,2,6512.0,689.0,1,1,0,0
2014-01-29,4,3,5403.0,566.0,1,1,0,0
2014-01-30,4,4,5811.0,611.0,1,1,0,0
2014-01-31,4,5,6951.0,756.0,1,1,0,0
2014-02-01,4,6,6850.0,719.0,1,0,0,0
2014-02-02,4,7,0.0,0.0,0,0,0,0
2014-02-03,4,1,9812.0,1035.0,1,1,0,0
2014-02-04,4,2,5594.0,586.0,1,0,0,0
2014-02-05,4,3,5252.0,550.0,1,0,0,0
2014-02-06,4,4,4954.0,521.0,1,0,0,0
2014-02-07,4,5,5672.0,603.0,1,0,0,0
2014-02-08,4,6,6733.0,711.0,1,0,0,0
2014-02-09,4,7,0.0,0.0,0,0,0,0
2014-02-10,4,1,8137.0,855.0,1,0,0,0
2014-02-11,4,2,6447.0,682.0,1,1,0,0
2014-02-12,4,3,5836.0,611.0,1,1,0,0
2014-02-13,4,4,6071.0,648.0,1,1,0,0
2014-02-14,4,5,6859.0,728.0,1,1,0,0
2014-02-15,4,6,6202.0,645.0,1,0,0,0
2014-02-16,4,7,0.0,0.0,0,0,0,0
2014-02-17,4,1,10187.0,1088.0,1,1,0,0
2014-02-18,4,2,5356.0,576.0,1,0,0,0
2014-02-19,4,3,5224.0,549.0,1,0,0,0
2014-02-20,4,4,5259.0,561.0,1,0,0,0
2014-02-21,4,5,6485.0,677.0,1,0,0,0
2014-02-22,4,6,7321.0,759.0,1,0,0,0
2014-02-23,4,7,0.0,0.0,0,0,0,0
2014-02-24,4,1,7195.0,759.0,1,0,0,0
2014-02-25,4,2,6417.0,680.0,1,1,0,0
2014-02-26,4,3,6167.0,649.0,1,1,0,0
2014-02-27,4,4,6024.0,637.0,1,1,0,0
2014-02-28,4,5,8135.0,852.0,1,1,0,0
2014-03-01,4,6,7003.0,741.0,1,0,0,0
2014-03-02,4,7,0.0,0.0,0,0,0,0
2014-03-03,4,1,8274.0,870.0,1,1,0,0
2014-03-04,4,2,4952.0,528.0,1,0,0,0
2014-03-05,4,3,4706.0,481.0,1,0,0,0
2014-03-06,4,4,4631.0,481.0,1,0,0,0
2014-03-07,4,5,5443.0,585.0,1,0,0,0
2014-03-08,4,6,6932.0,744.0,1,0,0,0
2014-03-09,4,7,0.0,0.0,0,0,0,0
2014-03-10,4,1,7422.0,780.0,1,0,0,0
2014-03-11,4,2,6672.0,692.0,1,1,0,0
2014-03-12,4,3,5683.0,601.0,1,1,0,0
2014-03-13,4,4,6148.0,653.0,1,1,0,0
2014-03-14,4,5,6444.0,666.0,1,1,0,0
2014-03-15,4,6,5752.0,610.0,1,0,0,0
2014-03-16,4,7,0.0,0.0,0,0,0,0
2014-03-17,4,1,8495.0,898.0,1,1,0,0
2014-03-18,4,2,5198.0,538.0,1,0,0,0
2014-03-19,4,3,4746.0,504.0,1,0,0,0
2014-03-20,4,4,4530.0,465.0,1,0,0,0
2014-03-21,4,5,6358.0,681.0,1,0,0,0
2014-03-22,4,6,7035.0,742.0,1,0,0,0
2014-03-23,4,7,0.0,0.0,0,0,0,0
2014-03-24,4,1,6909.0,738.0,1,0,0,0
2014-03-25,4,2,6177.0,659.0,1,1,0,0
2014-03-26,4,3,6021.0,629.0,1,1,0,0
2014-03-27,4,4,6101.0,660.0,1,1,0,0
2014-03-28,4,5,7470.0,778.0,1,1,0,0
2014-03-29,4,6,6470.0,684.0,1,0,0,0
2014-03-30,4,7,0.0,0.0,0,0,0,0
2014-03-31,4,1,8385.0,864.0,1,1,0,0
2014-04-01,4,2,4832.0,517.0,1,0,0,0
2014-04-02,4,3,4473.0,470.0,1,0,0,0
2014-04-03,4,4,4242.0,446.0,1,0,0,0
2014-04-04,4,5,5448.0,565.0,1,0,0,0
2014-04-05,4,6,6134.0,648.0,1,0,0,0
2014-04-06,4,7,0.0,0.0,0,0,0,0
2014-04-07,4,1,7443.0,776.0,1,0,0,0
2014-04-08,4,2,7093.0,743.0,1,1,0,0
2014-04-09,4,3,6803.0,706.0,1,1,0,0
2014-04-10,4,4,6460.0,693.0,1,1,0,0
2014-04-11,4,5,8185.0,851.0,1,1,0,0
2014-04-12,4,6,7488.0,782.0,1,0,0,0
2014-04-13,4,7,0.0,0.0,0,0,0,0
2014-04-14,4,1,11393.0,1199.0,1,1,0,0
2014-04-15,4,2,6069.0,645.0,1,0,0,0
2014-04-16,4,3,5405.0,575.0,1,0,0,0
2014-04-17,4,4,5089.0,533.0,1,0,0,0
2014-04-18,4,5,4960.0,519.0,1,0,0,0
2014-04-19,4,6,5457.0,575.0,1,0,0,0
2014-04-20,4,7,0.0,0.0,0,0,0,0
2014-04-21,4,1,6822.0,724.0,1,0,0,0
2014-04-22,4,2,6180.0,646.0,1,1,0,0
2014-04-23,4,3,6182.0,634.0,1,1,0,0
2014-04-24,4,4,6444.0,695.0,1,1,0,0
2014-04-25,4,5,7578.0,805.0,1,1,0,0
2014-04-26,4,6,7331.0,774.0,1,0,0,0
2014-04-27,4,7,0.0,0.0,0,0,0,0
2014-04-28,4,1,10445.0,1095.0,1,1,0,0
2014-04-29,4,2,5452.0,566.0,1,0,0,0
2014-04-30,4,3,5326.0,558.0,1,0,0,0
2014-05-01,4,4,4993.0,524.0,1,0,0,0
2014-05-02,4,5,5900.0,616.0,1,0,0,0
2014-05-03,4,6,6770.0,701.0,1,0,0,0
2014-05-04,4,7,0.0,0.0,0,0,0,0
2014-05-05,4,1,7496.0,794.0,1,0,0,0
2014-05-06,4,2,7105.0,744.0,1,1,0,0
2014-05-07,4,3,6778.0,714.0,1,1,0,0
2014-05-08,4,4,6589.0,677.0,1,1,0,0
2014-05-09,4,5,7520.0,790.0,1,1,0,0
2014-05-10,4,6,6670.0,701.0,1,0,0,0
2014-05-11,4,7,0.0,0.0,0,0,0,0
2014-05-12,4,1,9164.0,951.0,1,1,0,0
2014-05-13,4,2,6066.0,642.0,1,0,0,0
2014-05-14,4,3,5233.0,544.0,1,0,0,0
2014-05-15,4,4,4798.0,509.0,1,0,0,0
2014-05-16,4,5,6199.0,649.0,1,0,0,0
2014-05-17,4,6,7213.0,764.0,1,0,0,0
2014-05-18,4,7,0.0,0.0,0,0,0,0
2014-05-19,4,1,7286.0,755.0,1,0,0,0
2014-05-20,4,2,6800.0,715.0,1,1,0,0
2014-05-21,4,3,6414.0,673.0,1,1,0,0
2014-05-22,4,4,6365.0,675.0,1,1,0,0
2014-05-23,4,5,7492.0,785.0,1,1,0,0
2014-05-24,4,6,6833.0,716.0,1,0,0,0
2014-05-25,4,7,0.0,0.0,0,0,0,0
2014-05-26,4,1,9760.0,1037.0,1,1,0,0
2014-05-27,4,2,4529.0,483.0,1,0,0,0
2014-05-28,4,3,4050.0,435.0,1,0,0,0
2014-05-29,4,4,3916.0,416.0,1,0,0,0
2014-05-30,4,5,4960.0,528.0,1,0,0,0
2014-05-31,4,6,5963.0,635.0,1,0,0,0
2014-06-01,4,7,0.0,0.0,0,0,0,0
2014-06-02,4,1,7142.0,752.0,1,0,0,0
2014-06-03,4,2,6461.0,681.0,1,1,0,0
2014-06-04,4,3,5882.0,638.0,1,1,0,0
2014-06-05,4,4,6278.0,661.0,1,1,0,0
2014-06-06,4,5,7247.0,761.0,1,1,0,0
2014-06-07,4,6,6584.0,690.0,1,0,0,0
2014-06-08,4,7,0.0,0.0,0,0,0,0
2014-06-09,4,1,9513.0,1003.0,1,1,0,0
2014-06-10,4,2,4708.0,487.0,1,0,0,0
2014-06-11,4,3,4461.0,454.0,1,0,0,0
2014-06-12,4,4,4266.0,451.0,1,0,0,0
2014-06-13,4,5,5259.0,541.0,1,0,0,0
2014-06-14,4,6,6462.0,682.0,1,0,0,0
2014-06-15,4,7,0.0,0.0,0,0,0,0
2014-06-16,4,1,6848.0,730.0,1,0,0,0
2014-06-17,4,2,6582.0,706.0,1,1,0,0
2014-06-18,4,3,6047.0,639.0,1,1,0,0
2014-06-19,4,4,5812.0,607.0,1,1,0,0
2014-06-20,4,5,7151.0,743.0,1,1,0,0
2014-06-21,4,6,6452.0,673.0,1,0,0,0
2014-06-22,4,7,0.0,0.0,0,0,0,0
2014-06-23,4,1,8265.0,853.0,1,1,0,0
2014-06-24,4,2,4750.0,501.0,1,0,0,0
2014-06-25,4,3,4117.0,433.0,1,0,0,0
2014-06-26,4,4,3785.0,404.0,1,0,0,0
2014-06-27,4,5,5225.0,547.0,1,0,0,0
2014-06-28,4,6,5929.0,625.0,1,0,0,0
2014-06-29,4,7,0.0,0.0,0,0,0,0
2014-06-30,4,1,6390.0,669.0,1,0,0,0
2014-07-01,4,2,5929.0,610.0,1,1,0,1
2014-07-02,4,3,5449.0,575.0,1,1,0,1
2014-07-03,4,4,5344.0,575.0,1,1,0,1
2014-07-04,4,5,6272.0,662.0,1,1,0,1
2014-07-05,4,6,6072.0,642.0,1,0,0,1
2014-07-06,4,7,0.0,0.0,0,0,0,1
2014-07-07,4,1,8478.0,904.0,1,1,0,1
2014-07-08,4,2,4277.0,444.0,1,0,0,1
2014-07-09,4,3,3757.0,402.0,1,0,0,1
2014-07-10,4,4,4045.0,427.0,1,0,0,1
2014-07-11,4,5,4971.0,516.0,1,0,0,1
2014-07-12,4,6,5530.0,590.0,1,0,0,1
2014-07-13,4,7,0.0,0.0,0,0,0,1
2014-07-14,4,1,5859.0,618.0,1,0,0,1
2014-07-15,4,2,5552.0,588.0,1,1,0,1
2014-07-16,4,3,4479.0,471.0,1,1,0,1
2014-07-17,4,4,4482.0,469.0,1,1,0,1
2014-07-18,4,5,5538.0,587.0,1,1,0,1
2014-07-19,4,6,5418.0,567.0,1,0,0,1
2014-07-20,4,7,0.0,0.0,0,0,0,1
2014-07-21,4,1,7556.0,790.0,1,1,0,1
2014-07-22,4,2,4794.0,493.0,1,0,0,1
2014-07-23,4,3,4170.0,434.0,1,0,0,1
2014-07-24,4,4,3583.0,373.0,1,0,0,1
2014-07-25,4,5,3899.0,411.0,1,0,0,1
2014-07-26,4,6,5345.0,572.0,1,0,0,1
2014-07-27,4,7,0.0,0.0,0,0,0,1
2014-07-28,4,1,5705.0,602.0,1,0,0,1
2014-07-29,4,2,5137.0,523.0,1,1,0,1
2014-07-30,4,3,4520.0,467.0,1,1,0,1
2014-07-31,4,4,4991.0,521.0,1,1,0,1
2014-08-01,4,5,6132.0,627.0,1,1,0,1
2014-08-02,4,6,6143.0,632.0,1,0,0,1
2014-08-03,4,7,0.0,0.0,0,0,0,1
2014-08-04,4,1,6949.0,732.0,1,1,0,1
2014-08-05,4,2,4312.0,453.0,1,0,0,1
2014-08-06,4,3,3884.0,402.0,1,0,0,1
2014-08-07,4,4,3776.0,415.0,1,0,0,1
2014-08-08,4,5,5133.0,539.0,1,0,0,1
2014-08-09,4,6,5709.0,594.0,1,0,0,1
2014-08-10,4,7,0.0,0.0,0,0,0,1
2014-08-11,4,1,6342.0,672.0,1,0,0,1
2014-08-12,4,2,5511.0,577.0,1,1,0,1
2014-08-13,4,3,5190.0,556.0,1,1,0,1
2014-08-14,4,4,4852.0,512.0,1,1,0,1
2014-08-15,4,5,6422.0,681.0,1,1,0,1
2014-08-16,4,6,6012.0,635.0,1,0,0,1
2014-08-17,4,7,0.0,0.0,0,0,0,1
2014-08-18,4,1,8144.0,865.0,1,1,0,1
2014-08-19,4,2,4686.0,495.0,1,0,0,1
2014-08-20,4,3,4119.0,426.0,1,0,0,1
2014-08-21,4,4,4159.0,432.0,1,0,0,1
2014-08-22,4,5,4937.0,527.0,1,0,0,1
2014-08-23,4,6,5790.0,607.0,1,0,0,1
2014-08-24,4,7,0.0,0.0,0,0,0,1
2014-08-25,4,1,5856.0,622.0,1,0,0,1
2014-08-26,4,2,5528.0,583.0,1,1,0,1
2014-08-27,4,3,4802.0,493.0,1,1,0,1
2014-08-28,4,4,4612.0,491.0,1,1,0,1
2014-08-29,4,5,5575.0,594.0,1,1,0,1
2014-08-30,4,6,5368.0,572.0,1,0,0,1
2014-08-31,4,7,0.0,0.0,0,0,0,1
2014-09-01,4,1,7335.0,775.0,1,1,0,0
2014-09-02,4,2,4568.0,487.0,1,0,0,0
2014-09-03,4,3,4164.0,451.0,1,0,0,0
2014-09-04,4,4,3629.0,380.0,1,0,0,0
2014-09-05,4,5,4553.0,493.0,1,0,0,0
2014-09-06,4,6,5582.0,601.0,1,0,0,0
2014-09-07,4,7,0.0,0.0,0,0,0,0
2014-09-08,4,1,6191.0,666.0,1,0,0,0
2014-09-09,4,2,5782.0,615.0,1,1,0,0
2014-09-10,4,3,5285.0,549.0,1,1,0,0
2014-09-11,4,4,4968.0,532.0,1,1,0,0
2014-09-12,4,5,5869.0,620.0,1,1,0,0
2014-09-13,4,6,5234.0,554.0,1,0,0,0
2014-09-14,4,7,0.0,0.0,0,0,0,0
2014-09-15,4,1,7467.0,797.0,1,1,0,0
2014-09-16,4,2,4341.0,461.0,1,0,0,0
2014-09-17,4,3,3863.0,401.0,1,0,0,0
2014-09-18,4,4,3774.0,401.0,1,0,0,0
2014-09-19,4,5,4733.0,504.0,1,0,0,0
2014-09-20,4,6,4907.0,511.0,1,0,0,0
2014-09-21,4,7,0.0,0.0,0,0,0,0
2014-09-22,4,1,5077.0,531.0,1,0,0,0
2014-09-23,4,2,4803.0,501.0,1,1,0,0
2014-09-24,4,3,4455.0,472.0,1,1,0,0
2014-09-25,4,4,4394.0,471.0,1,1,0,0
2014-09-26,4,5,5247.0,567.0,1,1,0,0
2014-09-27,4,6,5112.0,548.0,1,0,0,0
2014-09-28,4,7,0.0,0.0,0,0,0,0
2014-09-29,4,1,6538.0,697.0,1,1,0,0
2014-09-30,4,2,3868.0,418.0,1,0,0,0
2014-10-01,4,3,3379.0,353.0,1,0,0,0
2014-10-02,4,4,3787.0,404.0,1,0,0,0
2014-10-03,4,5,4522.0,479.0,1,0,0,0
2014-10-04,4,6,5107.0,537.0,1,0,0,0
2014-10-05,4,7,0.0,0.0,0,0,0,0
2014-10-06,4,1,5573.0,583.0,1,0,0,0
2014-10-07,4,2,5168.0,542.0,1,1,0,0
2014-10-08,4,3,5193.0,537.0,1,1,0,0
2014-10-09,4,4,5032.0,534.0,1,1,0,0
2014-10-10,4,5,6368.0,670.0,1,1,0,0
2014-10-11,4,6,5965.0,629.0,1,0,0,0
2014-10-12,4,7,0.0,0.0,0,0,0,0
2014-10-13,4,1,8141.0,863.0,1,1,0,0
2014-10-14,4,2,4677.0,488.0,1,0,0,0
2014-10-15,4,3,4355.0,458.0,1,0,0,0
2014-10-16,4,4,3917.0,399.0,1,0,0,0
2014-10-17,4,5,4977.0,506.0,1,0,0,0
2014-10-18,4,6,5728.0,587.0,1,0,0,0
2014-10-19,4,7,0.0,0.0,0,0,0,0
2014-10-20,4,1,6594.0,679.0,1,0,0,0
2014-10-21,4,2,6030.0,639.0,1,1,0,0
2014-10-22,4,3,5267.0,566.0,1,1,0,0
2014-10-23,4,4,5088.0,532.0,1,1,0,0
2014-10-24,4,5,6461.0,693.0,1,1,0,0
2014-10-25,4,6,6045.0,651.0,1,0,0,0
2014-10-26,4,7,0.0,0.0,0,0,0,0
2014-10-27,4,1,8499.0,914.0,1,1,0,0
2014-10-28,4,2,5024.0,534.0,1,0,0,0
2014-10-29,4,3,4114.0,427.0,1,0,0,0
2014-10-30,4,4,3846.0,409.0,1,0,0,0
2014-10-31,4,5,4471.0,467.0,1,0,0,0
2014-11-01,4,6,5246.0,542.0,1,0,0,0
2014-11-02,4,7,0.0,0.0,0,0,0,0
2014-11-03,4,1,6309.0,683.0,1,0,0,0
2014-11-04,4,2,5379.0,562.0,1,1,0,0
2014-11-05,4,3,4856.0,511.0,1,1,0,0
2014-11-06,4,4,5060.0,527.0,1,1,0,0
2014-11-07,4,5,5982.0,631.0,1,1,0,0
2014-11-08,4,6,5395.0,566.0,1,0,0,0
2014-11-09,4,7,0.0,0.0,0,0,0,0
2014-11-10,4,1,6766.0,703.0,1,1,0,0
2014-11-11,4,2,4190.0,430.0,1,0,0,0
2014-11-12,4,3,3948.0,410.0,1,0,0,0
2014-11-13,4,4,3983.0,422.0,1,0,0,0
2014-11-14,4,5,4601.0,501.0,1,0,0,0
2014-11-15,4,6,5115.0,547.0,1,0,0,0
2014-11-16,4,7,0.0,0.0,0,0,0,0
2014-11-17,4,1,5693.0,603.0,1,0,0,0
2014-11-18,4,2,5357.0,563.0,1,1,0,0
2014-11-19,4,3,4993.0,515.0,1,1,0,0
2014-11-20,4,4,5407.0,569.0,1,1,0,0
2014-11-21,4,5,6955.0,715.0,1,1,0,0
2014-11-22,4,6,5854.0,614.0,1,0,0,0
2014-11-23,4,7,0.0,0.0,0,0,0,0
2014-11-24,4,1,8394.0,886.0,1,1,0,0
2014-11-25,4,2,4605.0,494.0,1,0,0,0
2014-11-26,4,3,4482.0,469.0,1,0,0,0
2014-11-27,4,4,4611.0,475.0,1,0,0,0
2014-11-28,4,5,5294.0,554.0,1,0,0,0
2014-11-29,4,6,5868.0,615.0,1,0,0,0
2014-11-30,4,7,0.0,0.0,0,0,0,0
2014-12-01,4,1,5948.0,642.0,1,0,0,0
2014-12-02,4,2,5229.0,545.0,1,1,0,0
2014-12-03,4,3,4796.0,502.0,1,1,0,0
2014-12-04,4,4,5053.0,531.0,1,1,0,0
2014-12-05,4,5,6085.0,638.0,1,1,0,0
2014-12-06,4,6,5505.0,570.0,1,0,0,0
2014-12-07,4,7,0.0,0.0,0,0,0,0
2014-12-08,4,1,6964.0,736.0,1,1,0,0
2014-12-09,4,2,4526.0,480.0,1,0,0,0
2014-12-10,4,3,3598.0,369.0,1,0,0,0
2014-12-11,4,4,3529.0,371.0,1,0,0,0
2014-12-12,4,5,4708.0,482.0,1,0,0,0
2014-12-13,4,6,5071.0,541.0,1,0,0,0
2014-12-14,4,7,0.0,0.0,0,0,0,0
2014-12-15,4,1,6488.0,681.0,1,0,0,0
2014-12-16,4,2,5657.0,592.0,1,1,0,0
2014-12-17,4,3,5297.0,553.0,1,1,0,0
2014-12-18,4,4,4865.0,504.0,1,1,0,0
2014-12-19,4,5,6322.0,652.0,1,1,0,0
2014-12-20,4,6,5801.0,625.0,1,0,0,1
2014-12-21,4,7,0.0,0.0,0,0,0,1
2014-12-22,4,1,8730.0,921.0,1,1,0,1
2014-12-23,4,2,5019.0,545.0,1,0,0,1
2014-12-24,4,3,4828.0,508.0,1,0,0,1
2014-12-25,4,4,0.0,0.0,0,0,a,1
2014-12-26,4,5,5262.0,554.0,1,0,0,1
2014-12-27,4,6,6115.0,653.0,1,0,0,1
2014-12-28,4,7,0.0,0.0,0,0,0,1
2014-12-29,4,1,6136.0,649.0,1,0,0,1
2014-12-30,4,2,6216.0,653.0,1,1,0,1
2014-12-31,4,3,5661.0,598.0,1,1,0,1
